detector,text_id,score,parameter name,parameter value,category
GPT2Detector,fp_0.0_res_0,0.9997972846031188,fp,0.0,res
GPT2Detector,fp_0.0_res_4,0.9996023774147034,fp,0.0,res
GPT2Detector,fp_0.0_res_1,0.999823033809662,fp,0.0,res
GPT2Detector,fp_0.0_res_2,0.007766842842102,fp,0.0,res
GPT2Detector,fp_0.0_arg_2,0.9997962117195128,fp,0.0,arg
GPT2Detector,fp_0.0_arg_0,0.9998010993003844,fp,0.0,arg
GPT2Detector,fp_0.0_res_3,0.9995429515838624,fp,0.0,res
GPT2Detector,fp_0.0_arg_3,0.9987449645996094,fp,0.0,arg
GPT2Detector,fp_0.0_arg_4,0.999786913394928,fp,0.0,arg
GPT2Detector,fp_0.0_arg_1,0.9989575147628784,fp,0.0,arg
GPT2Detector,fp_0.1_arg_0,0.9992483258247375,fp,0.1,arg
GPT2Detector,fp_0.1_arg_1,0.6258034110069275,fp,0.1,arg
GPT2Detector,fp_0.1_arg_2,0.9998145699501038,fp,0.1,arg
GPT2Detector,fp_0.1_res_0,0.9997971653938292,fp,0.1,res
GPT2Detector,fp_0.1_arg_3,0.8997162580490112,fp,0.1,arg
GPT2Detector,fp_0.1_res_1,0.9998111128807068,fp,0.1,res
GPT2Detector,fp_0.1_arg_4,0.999816358089447,fp,0.1,arg
GPT2Detector,fp_0.1_res_3,0.9969403743743896,fp,0.1,res
GPT2Detector,fp_0.1_res_2,0.9998185038566588,fp,0.1,res
GPT2Detector,fp_0.1_res_4,0.9958815574645996,fp,0.1,res
GPT2Detector,fp_0.2_arg_0,0.9994441866874696,fp,0.2,arg
GPT2Detector,fp_0.2_arg_1,0.9994264841079712,fp,0.2,arg
GPT2Detector,fp_0.2_arg_2,0.9964160919189452,fp,0.2,arg
GPT2Detector,fp_0.2_arg_4,0.9998013377189636,fp,0.2,arg
GPT2Detector,fp_0.2_arg_3,0.999816596508026,fp,0.2,arg
GPT2Detector,fp_0.2_res_0,0.9998143315315248,fp,0.2,res
GPT2Detector,fp_0.2_res_1,0.9859078526496888,fp,0.2,res
GPT2Detector,fp_0.2_res_2,0.999765694141388,fp,0.2,res
GPT2Detector,fp_0.2_res_3,0.5101699233055115,fp,0.2,res
GPT2Detector,fp_0.2_res_4,0.9952087998390198,fp,0.2,res
GPT2Detector,fp_0.3_arg_0,0.999816358089447,fp,0.3,arg
GPT2Detector,fp_0.3_arg_1,0.1483224630355835,fp,0.3,arg
GPT2Detector,fp_0.3_arg_2,0.9996473789215088,fp,0.3,arg
GPT2Detector,fp_0.3_arg_3,0.0001857876777648,fp,0.3,arg
GPT2Detector,fp_0.3_arg_4,0.1991353631019592,fp,0.3,arg
GPT2Detector,fp_0.3_res_0,0.9998217225074768,fp,0.3,res
GPT2Detector,fp_0.3_res_2,0.9743442535400392,fp,0.3,res
GPT2Detector,fp_0.3_res_1,0.9998083710670472,fp,0.3,res
GPT2Detector,fp_0.3_res_4,0.9988447427749634,fp,0.3,res
GPT2Detector,fp_0.3_res_3,0.0012474060058593,fp,0.3,res
GPT2Detector,fp_0.4_arg_0,0.0136467218399047,fp,0.4,arg
GPT2Detector,fp_0.4_arg_1,0.0001799464225769,fp,0.4,arg
GPT2Detector,fp_0.4_arg_2,0.9997639060020448,fp,0.4,arg
GPT2Detector,fp_0.4_arg_3,0.4138074517250061,fp,0.4,arg
GPT2Detector,fp_0.4_arg_4,0.9997765421867372,fp,0.4,arg
GPT2Detector,fp_0.4_res_0,0.9984450936317444,fp,0.4,res
GPT2Detector,fp_0.4_res_1,0.9994522929191588,fp,0.4,res
GPT2Detector,fp_0.4_res_2,0.0002400279045104,fp,0.4,res
GPT2Detector,fp_0.5_arg_0,0.999485731124878,fp,0.5,arg
GPT2Detector,fp_0.5_arg_1,0.6712348461151123,fp,0.5,arg
GPT2Detector,fp_0.4_res_3,0.6652966141700745,fp,0.4,res
GPT2Detector,fp_0.4_res_4,0.985338568687439,fp,0.4,res
GPT2Detector,fp_0.5_arg_2,0.2039511203765869,fp,0.5,arg
GPT2Detector,fp_0.5_arg_3,0.0016127824783325,fp,0.5,arg
GPT2Detector,fp_0.5_res_0,0.999323844909668,fp,0.5,res
GPT2Detector,fp_0.5_arg_4,0.999817430973053,fp,0.5,arg
GPT2Detector,fp_0.5_res_1,0.9990373849868774,fp,0.5,res
GPT2Detector,fp_0.5_res_3,0.910430073738098,fp,0.5,res
GPT2Detector,fp_0.5_res_4,0.9995667338371276,fp,0.5,res
GPT2Detector,fp_0.5_res_2,0.0008578300476074,fp,0.5,res
GPT2Detector,fp_0.6_arg_0,0.9978506565093994,fp,0.6,arg
GPT2Detector,fp_0.6_arg_1,0.0002816319465637,fp,0.6,arg
GPT2Detector,fp_0.6_arg_2,0.4125452637672424,fp,0.6,arg
GPT2Detector,fp_0.6_arg_3,0.0609670281410217,fp,0.6,arg
GPT2Detector,fp_0.6_res_2,0.0662330985069274,fp,0.6,res
GPT2Detector,fp_0.6_res_3,0.0001823306083679,fp,0.6,res
GPT2Detector,fp_0.6_arg_4,0.9955263733863832,fp,0.6,arg
GPT2Detector,fp_0.6_res_0,0.944278359413147,fp,0.6,res
GPT2Detector,fp_0.6_res_1,0.0960331559181213,fp,0.6,res
GPT2Detector,fp_0.6_res_4,0.9972659349441528,fp,0.6,res
GPT2Detector,fp_0.7_arg_0,0.136218249797821,fp,0.7,arg
GPT2Detector,fp_0.7_arg_1,0.0002326369285583,fp,0.7,arg
GPT2Detector,fp_0.7_arg_2,0.0001809000968933,fp,0.7,arg
GPT2Detector,fp_0.7_arg_3,0.0001774430274963,fp,0.7,arg
GPT2Detector,fp_0.7_res_0,0.0007621049880981,fp,0.7,res
GPT2Detector,fp_0.7_arg_4,0.9989668130874634,fp,0.7,arg
GPT2Detector,fp_0.7_res_2,0.7427883744239807,fp,0.7,res
GPT2Detector,fp_0.7_res_1,0.0002469420433044,fp,0.7,res
GPT2Detector,fp_0.7_res_3,0.0004209876060485,fp,0.7,res
GPT2Detector,fp_0.7_res_4,0.9995174407958984,fp,0.7,res
GPT2Detector,fp_0.8_arg_0,0.7211673855781555,fp,0.8,arg
GPT2Detector,fp_0.8_arg_1,0.0001747012138366,fp,0.8,arg
GPT2Detector,fp_0.8_arg_3,0.0002389550209045,fp,0.8,arg
GPT2Detector,fp_0.8_arg_2,0.7073906064033508,fp,0.8,arg
GPT2Detector,fp_0.8_arg_4,0.872649073600769,fp,0.8,arg
GPT2Detector,fp_0.8_res_0,0.9996795654296876,fp,0.8,res
GPT2Detector,fp_0.8_res_1,0.0003914237022399,fp,0.8,res
GPT2Detector,fp_0.8_res_2,0.0002074837684631,fp,0.8,res
GPT2Detector,fp_0.8_res_3,0.0003670454025268,fp,0.8,res
GPT2Detector,fp_0.8_res_4,0.9998206496238708,fp,0.8,res
GPT2Detector,fp_0.9_arg_0,0.0002512335777282,fp,0.9,arg
GPT2Detector,fp_0.9_arg_1,0.0003594160079956,fp,0.9,arg
GPT2Detector,fp_0.9_arg_4,0.6142991781234741,fp,0.9,arg
GPT2Detector,fp_0.9_arg_2,0.0001956820487976,fp,0.9,arg
GPT2Detector,fp_0.9_arg_3,0.0003310441970825,fp,0.9,arg
GPT2Detector,fp_0.9_res_0,0.0002306103706359,fp,0.9,res
GPT2Detector,fp_0.9_res_1,0.000190794467926,fp,0.9,res
GPT2Detector,fp_0.9_res_2,0.0002841353416442,fp,0.9,res
GPT2Detector,fp_0.9_res_3,0.0004829168319702,fp,0.9,res
GPT2Detector,fp_0.9_res_4,0.9858651161193848,fp,0.9,res
GPT2Detector,fp_1.0_arg_2,0.0002599358558654,fp,1.0,arg
GPT2Detector,fp_1.0_arg_0,0.000195562839508,fp,1.0,arg
GPT2Detector,fp_1.0_res_0,0.0001875758171081,fp,1.0,res
GPT2Detector,fp_1.0_arg_1,0.0003007650375366,fp,1.0,arg
GPT2Detector,fp_1.0_arg_3,0.0002427697181701,fp,1.0,arg
GPT2Detector,fp_1.0_arg_4,0.0003597736358642,fp,1.0,arg
GPT2Detector,fp_1.0_res_1,0.0003129243850708,fp,1.0,res
GPT2Detector,fp_1.0_res_2,0.000348687171936,fp,1.0,res
GPT2Detector,fp_1.0_res_3,0.0003615617752075,fp,1.0,res
GPT2Detector,fp_1.1_arg_0,0.0003306865692138,fp,1.1,arg
GPT2Detector,fp_1.0_res_4,0.0883826613426208,fp,1.0,res
GPT2Detector,fp_1.1_arg_2,0.0002422928810119,fp,1.1,arg
GPT2Detector,fp_1.1_arg_1,0.0001786351203918,fp,1.1,arg
GPT2Detector,fp_1.1_arg_4,0.0002533793449401,fp,1.1,arg
GPT2Detector,fp_1.1_arg_3,0.0003432035446166,fp,1.1,arg
GPT2Detector,fp_1.1_res_0,0.0002384781837463,fp,1.1,res
GPT2Detector,fp_1.1_res_1,0.0002636313438415,fp,1.1,res
GPT2Detector,fp_1.1_res_2,0.0001924633979797,fp,1.1,res
GPT2Detector,fp_1.1_res_4,0.0003391504287719,fp,1.1,res
GPT2Detector,fp_1.1_res_3,0.0001892447471618,fp,1.1,res
GPT2Detector,fp_1.2_arg_1,0.0003656148910522,fp,1.2,arg
GPT2Detector,fp_1.2_arg_0,0.000260055065155,fp,1.2,arg
GPT2Detector,fp_1.2_arg_2,0.0002303719520568,fp,1.2,arg
GPT2Detector,fp_1.2_arg_3,0.0003056526184082,fp,1.2,arg
GPT2Detector,fp_1.2_arg_4,0.0003265142440795,fp,1.2,arg
GPT2Detector,fp_1.2_res_0,0.0004108548164367,fp,1.2,res
GPT2Detector,fp_1.2_res_1,0.0003532171249389,fp,1.2,res
GPT2Detector,fp_1.2_res_3,0.0004408955574035,fp,1.2,res
GPT2Detector,fp_1.2_res_2,0.0002859234809875,fp,1.2,res
GPT2Detector,fp_1.3_arg_0,0.0002626776695251,fp,1.3,arg
GPT2Detector,fp_1.2_res_4,0.0002726912498474,fp,1.2,res
GPT2Detector,fp_1.3_arg_1,0.0001828074455261,fp,1.3,arg
GPT2Detector,fp_1.3_arg_3,0.0001978278160095,fp,1.3,arg
GPT2Detector,fp_1.3_arg_2,0.0002090334892272,fp,1.3,arg
GPT2Detector,fp_1.3_arg_4,0.000507116317749,fp,1.3,arg
GPT2Detector,fp_1.3_res_0,0.0002722144126892,fp,1.3,res
GPT2Detector,fp_1.3_res_2,0.0002110600471496,fp,1.3,res
GPT2Detector,fp_1.3_res_1,0.0002029538154602,fp,1.3,res
GPT2Detector,fp_1.3_res_3,0.0003944039344787,fp,1.3,res
GPT2Detector,fp_1.3_res_4,0.0003291368484497,fp,1.3,res
GPT2Detector,fp_1.4_arg_0,0.0002159476280212,fp,1.4,arg
GPT2Detector,fp_1.4_arg_2,0.0003520250320434,fp,1.4,arg
GPT2Detector,fp_1.4_arg_1,0.0004701614379882,fp,1.4,arg
GPT2Detector,fp_1.4_arg_3,0.0003293752670288,fp,1.4,arg
GPT2Detector,fp_1.4_res_0,0.0004073977470397,fp,1.4,res
GPT2Detector,fp_1.4_res_1,0.000430405139923,fp,1.4,res
GPT2Detector,fp_1.4_arg_4,0.0202614068984985,fp,1.4,arg
GPT2Detector,fp_1.4_res_4,0.0004754066467285,fp,1.4,res
GPT2Detector,fp_1.4_res_2,0.0002183318138122,fp,1.4,res
GPT2Detector,fp_1.4_res_3,0.000486135482788,fp,1.4,res
GPT2Detector,fp_1.5_arg_0,0.0003403425216674,fp,1.5,arg
GPT2Detector,fp_1.5_arg_1,0.0002402663230895,fp,1.5,arg
GPT2Detector,fp_1.5_arg_2,0.0003430843353271,fp,1.5,arg
GPT2Detector,fp_1.5_res_0,0.0002523064613342,fp,1.5,res
GPT2Detector,fp_1.5_arg_4,0.0002594590187072,fp,1.5,arg
GPT2Detector,fp_1.5_arg_3,0.0002768635749816,fp,1.5,arg
GPT2Detector,fp_1.5_res_1,0.0001731514930725,fp,1.5,res
GPT2Detector,fp_1.5_res_2,0.0002402663230895,fp,1.5,res
GPT2Detector,fp_1.5_res_3,0.0002641081809997,fp,1.5,res
GPT2Detector,fp_1.5_res_4,0.0003590583801269,fp,1.5,res
GPT2Detector,fp_1.6_arg_1,0.0002484917640686,fp,1.6,arg
GPT2Detector,fp_1.6_arg_0,0.421859860420227,fp,1.6,arg
GPT2Detector,fp_1.6_arg_3,0.000284731388092,fp,1.6,arg
GPT2Detector,fp_1.6_arg_2,0.2020472288131714,fp,1.6,arg
GPT2Detector,fp_1.6_res_2,0.000360369682312,fp,1.6,res
GPT2Detector,fp_1.6_arg_4,0.0001891255378723,fp,1.6,arg
GPT2Detector,fp_1.6_res_0,0.0002083182334899,fp,1.6,res
GPT2Detector,fp_1.6_res_1,0.0001799464225769,fp,1.6,res
GPT2Detector,fp_1.6_res_3,0.0005211234092712,fp,1.6,res
GPT2Detector,fp_1.6_res_4,0.0175663232803344,fp,1.6,res
GPT2Detector,fp_1.7_arg_0,0.0002021193504333,fp,1.7,arg
GPT2Detector,fp_1.7_arg_2,0.0002974867820739,fp,1.7,arg
GPT2Detector,fp_1.7_arg_1,0.00026136636734,fp,1.7,arg
GPT2Detector,fp_1.7_arg_4,0.000206172466278,fp,1.7,arg
GPT2Detector,fp_1.7_arg_3,0.0003445148468017,fp,1.7,arg
GPT2Detector,fp_1.7_res_0,0.0003011226654052,fp,1.7,res
GPT2Detector,fp_1.7_res_2,0.00027996301651,fp,1.7,res
GPT2Detector,fp_1.7_res_1,0.0004305243492126,fp,1.7,res
GPT2Detector,fp_1.7_res_3,0.0002631545066833,fp,1.7,res
GPT2Detector,fp_1.7_res_4,0.0001776814460754,fp,1.7,res
GPT2Detector,fp_1.8_arg_1,0.0002139210700988,fp,1.8,arg
GPT2Detector,fp_1.8_arg_0,0.0001787543296813,fp,1.8,arg
GPT2Detector,fp_1.8_arg_2,0.0003238916397094,fp,1.8,arg
GPT2Detector,fp_1.8_arg_3,0.9915374517440796,fp,1.8,arg
GPT2Detector,fp_1.8_arg_4,0.0007514357566833,fp,1.8,arg
GPT2Detector,fp_1.8_res_0,0.0003200769424438,fp,1.8,res
GPT2Detector,fp_1.8_res_1,0.0002041459083557,fp,1.8,res
GPT2Detector,fp_1.8_res_2,0.0001901984214782,fp,1.8,res
GPT2Detector,fp_1.8_res_3,0.0004101395606994,fp,1.8,res
GPT2Detector,fp_1.9_arg_0,0.0006396174430847,fp,1.9,arg
GPT2Detector,fp_1.8_res_4,0.0002149939537048,fp,1.8,res
GPT2Detector,fp_1.9_arg_1,0.0134500265121459,fp,1.9,arg
GPT2Detector,fp_1.9_arg_2,0.0002461075782775,fp,1.9,arg
GPT2Detector,fp_1.9_arg_3,0.0126548409461975,fp,1.9,arg
GPT2Detector,fp_1.9_arg_4,0.0002170205116271,fp,1.9,arg
GPT2Detector,fp_1.9_res_0,0.0001785159111022,fp,1.9,res
GPT2Detector,fp_1.9_res_1,0.0001986622810363,fp,1.9,res
GPT2Detector,fp_1.9_res_2,0.0002084374427795,fp,1.9,res
GPT2Detector,fp_1.9_res_4,0.0002899765968322,fp,1.9,res
GPT2Detector,fp_1.9_res_3,0.0002914071083068,fp,1.9,res
GPT2Detector,fp_2.0_arg_0,0.0001722574234008,fp,2.0,arg
GPT2Detector,fp_2.0_arg_1,0.0002337098121643,fp,2.0,arg
GPT2Detector,fp_2.0_arg_3,0.0002174973487854,fp,2.0,arg
GPT2Detector,fp_2.0_arg_2,0.0013555884361267,fp,2.0,arg
GPT2Detector,fp_2.0_arg_4,0.0002256035804748,fp,2.0,arg
GPT2Detector,fp_2.0_res_0,0.0003966689109802,fp,2.0,res
GPT2Detector,fp_2.0_res_3,0.0002215504646301,fp,2.0,res
GPT2Detector,fp_2.0_res_1,0.0001984238624572,fp,2.0,res
GPT2Detector,fp_2.0_res_2,0.000275433063507,fp,2.0,res
GPT2Detector,fp_2.0_res_4,0.0024481415748596,fp,2.0,res
GPT2Detector,pp_0.0_arg_1,0.9995648264884948,pp,0.0,arg
GPT2Detector,pp_0.0_arg_0,0.9998233914375304,pp,0.0,arg
GPT2Detector,pp_0.0_arg_2,0.9998143315315248,pp,0.0,arg
GPT2Detector,pp_0.0_arg_3,0.9997425675392152,pp,0.0,arg
GPT2Detector,pp_0.0_res_0,0.999804437160492,pp,0.0,res
GPT2Detector,pp_0.0_arg_4,0.9997755885124208,pp,0.0,arg
GPT2Detector,pp_0.0_res_1,0.969713568687439,pp,0.0,res
GPT2Detector,pp_0.0_res_2,0.9701045155525208,pp,0.0,res
GPT2Detector,pp_0.0_res_3,0.9998013377189636,pp,0.0,res
GPT2Detector,pp_0.1_arg_2,0.9998255372047424,pp,0.1,arg
GPT2Detector,pp_0.0_res_4,0.9997941851615906,pp,0.0,res
GPT2Detector,pp_0.1_arg_0,0.9998258948326112,pp,0.1,arg
GPT2Detector,pp_0.1_arg_1,0.9997484087944032,pp,0.1,arg
GPT2Detector,pp_0.1_arg_3,0.99982351064682,pp,0.1,arg
GPT2Detector,pp_0.1_res_1,0.9998239874839784,pp,0.1,res
GPT2Detector,pp_0.1_arg_4,0.9997102618217468,pp,0.1,arg
GPT2Detector,pp_0.1_res_0,0.9997945427894592,pp,0.1,res
GPT2Detector,pp_0.1_res_4,0.9997735619544984,pp,0.1,res
GPT2Detector,pp_0.1_res_2,0.9987984895706176,pp,0.1,res
GPT2Detector,pp_0.2_arg_1,0.9970884919166564,pp,0.2,arg
GPT2Detector,pp_0.2_arg_2,0.9998072981834412,pp,0.2,arg
GPT2Detector,pp_0.1_res_3,0.8672381043434143,pp,0.1,res
GPT2Detector,pp_0.2_arg_0,0.9998273253440856,pp,0.2,arg
GPT2Detector,pp_0.2_arg_3,0.9998190999031068,pp,0.2,arg
GPT2Detector,pp_0.2_arg_4,0.999824583530426,pp,0.2,arg
GPT2Detector,pp_0.2_res_0,0.9998194575309752,pp,0.2,res
GPT2Detector,pp_0.2_res_1,0.9998018145561218,pp,0.2,res
GPT2Detector,pp_0.2_res_2,0.9992407560348512,pp,0.2,res
GPT2Detector,pp_0.2_res_4,0.9998143315315248,pp,0.2,res
GPT2Detector,pp_0.2_res_3,0.9967177510261536,pp,0.2,res
GPT2Detector,pp_0.3_arg_2,0.9997414946556092,pp,0.3,arg
GPT2Detector,pp_0.3_arg_1,0.4101870059967041,pp,0.3,arg
GPT2Detector,pp_0.3_arg_0,0.9998263716697692,pp,0.3,arg
GPT2Detector,pp_0.3_arg_4,0.9997878670692444,pp,0.3,arg
GPT2Detector,pp_0.3_arg_3,0.5253780484199524,pp,0.3,arg
GPT2Detector,pp_0.3_res_0,0.9997698664665222,pp,0.3,res
GPT2Detector,pp_0.3_res_1,0.999825656414032,pp,0.3,res
GPT2Detector,pp_0.3_res_2,0.5578670501708984,pp,0.3,res
GPT2Detector,pp_0.3_res_3,0.9997813105583192,pp,0.3,res
GPT2Detector,pp_0.4_arg_0,0.9997921586036682,pp,0.4,arg
GPT2Detector,pp_0.4_arg_2,0.999824583530426,pp,0.4,arg
GPT2Detector,pp_0.3_res_4,0.9998261332511902,pp,0.3,res
GPT2Detector,pp_0.4_arg_3,0.9997782111167908,pp,0.4,arg
GPT2Detector,pp_0.4_arg_1,0.9996274709701538,pp,0.4,arg
GPT2Detector,pp_0.4_arg_4,0.9995538592338562,pp,0.4,arg
GPT2Detector,pp_0.4_res_0,0.999806582927704,pp,0.4,res
GPT2Detector,pp_0.4_res_2,0.9977366924285888,pp,0.4,res
GPT2Detector,pp_0.4_res_1,0.9998261332511902,pp,0.4,res
GPT2Detector,pp_0.4_res_3,0.9998266100883484,pp,0.4,res
GPT2Detector,pp_0.5_arg_2,0.9998185038566588,pp,0.5,arg
GPT2Detector,pp_0.4_res_4,0.9996814727783204,pp,0.4,res
GPT2Detector,pp_0.5_arg_0,0.9997982382774352,pp,0.5,arg
GPT2Detector,pp_0.5_arg_1,0.381658673286438,pp,0.5,arg
GPT2Detector,pp_0.5_arg_3,0.9864148497581482,pp,0.5,arg
GPT2Detector,pp_0.5_arg_4,0.9998169541358948,pp,0.5,arg
GPT2Detector,pp_0.5_res_1,0.999822437763214,pp,0.5,res
GPT2Detector,pp_0.5_res_0,0.9998040795326232,pp,0.5,res
GPT2Detector,pp_0.5_res_2,0.0155795216560363,pp,0.5,res
GPT2Detector,pp_0.5_res_4,0.9998179078102112,pp,0.5,res
GPT2Detector,pp_0.5_res_3,0.9981927275657654,pp,0.5,res
GPT2Detector,pp_0.6_arg_0,0.9998061060905457,pp,0.6,arg
GPT2Detector,pp_0.6_arg_1,0.9379305839538574,pp,0.6,arg
GPT2Detector,pp_0.6_arg_2,0.9998250603675842,pp,0.6,arg
GPT2Detector,pp_0.6_arg_3,0.9982129335403442,pp,0.6,arg
GPT2Detector,pp_0.6_res_0,0.9998039603233336,pp,0.6,res
GPT2Detector,pp_0.6_arg_4,0.9609708786010742,pp,0.6,arg
GPT2Detector,pp_0.6_res_1,0.9338895678520204,pp,0.6,res
GPT2Detector,pp_0.6_res_3,0.9676570296287536,pp,0.6,res
GPT2Detector,pp_0.6_res_2,0.9997891783714294,pp,0.6,res
GPT2Detector,pp_0.6_res_4,0.9998062252998352,pp,0.6,res
GPT2Detector,pp_0.7_arg_0,0.9998255372047424,pp,0.7,arg
GPT2Detector,pp_0.7_arg_1,0.9998212456703186,pp,0.7,arg
GPT2Detector,pp_0.7_arg_4,0.9998072981834412,pp,0.7,arg
GPT2Detector,pp_0.7_arg_2,0.9997857213020324,pp,0.7,arg
GPT2Detector,pp_0.7_arg_3,0.9990819692611694,pp,0.7,arg
GPT2Detector,pp_0.7_res_1,0.9292564392089844,pp,0.7,res
GPT2Detector,pp_0.7_res_0,0.999094009399414,pp,0.7,res
GPT2Detector,pp_0.7_res_2,0.999821960926056,pp,0.7,res
GPT2Detector,pp_0.7_res_3,0.9998258948326112,pp,0.7,res
GPT2Detector,pp_0.7_res_4,0.9998276233673096,pp,0.7,res
GPT2Detector,pp_0.8_arg_2,0.99982750415802,pp,0.8,arg
GPT2Detector,pp_0.8_arg_0,0.9998266100883484,pp,0.8,arg
GPT2Detector,pp_0.8_arg_1,0.9975500702857972,pp,0.8,arg
GPT2Detector,pp_0.8_arg_3,0.967808961868286,pp,0.8,arg
GPT2Detector,pp_0.8_arg_4,0.9997259974479676,pp,0.8,arg
GPT2Detector,pp_0.8_res_2,0.9997410178184508,pp,0.8,res
GPT2Detector,pp_0.8_res_0,0.9998170733451844,pp,0.8,res
GPT2Detector,pp_0.8_res_1,0.9998182654380798,pp,0.8,res
GPT2Detector,pp_0.8_res_3,0.9744812846183776,pp,0.8,res
GPT2Detector,pp_0.8_res_4,0.9998182654380798,pp,0.8,res
GPT2Detector,pp_0.9_arg_0,0.9996778964996338,pp,0.9,arg
GPT2Detector,pp_0.9_arg_2,0.9997634291648864,pp,0.9,arg
GPT2Detector,pp_0.9_arg_1,0.0001705884933471,pp,0.9,arg
GPT2Detector,pp_0.9_res_0,0.9998061060905457,pp,0.9,res
GPT2Detector,pp_0.9_arg_3,0.998251736164093,pp,0.9,arg
GPT2Detector,pp_0.9_arg_4,0.9986156225204468,pp,0.9,arg
GPT2Detector,pp_0.9_res_1,0.2968475818634033,pp,0.9,res
GPT2Detector,pp_0.9_res_2,0.999637007713318,pp,0.9,res
GPT2Detector,pp_0.9_res_3,0.9997686743736268,pp,0.9,res
GPT2Detector,pp_0.9_res_4,0.9998086094856262,pp,0.9,res
GPT2Detector,pp_1.0_arg_0,0.9998047947883606,pp,1.0,arg
GPT2Detector,pp_1.0_arg_1,0.0139678716659545,pp,1.0,arg
GPT2Detector,pp_1.0_arg_2,0.0026028156280517,pp,1.0,arg
GPT2Detector,pp_1.0_arg_3,0.996635377407074,pp,1.0,arg
GPT2Detector,pp_1.0_arg_4,0.9998248219490052,pp,1.0,arg
GPT2Detector,pp_1.0_res_0,0.999810755252838,pp,1.0,res
GPT2Detector,pp_1.0_res_1,0.3033158779144287,pp,1.0,res
GPT2Detector,pp_1.0_res_2,0.4922101497650146,pp,1.0,res
GPT2Detector,pp_1.0_res_4,0.9941589832305908,pp,1.0,res
GPT2Detector,pp_1.0_res_3,0.1344541907310485,pp,1.0,res
GPT2Detector,pp_1.1_arg_0,0.998163402080536,pp,1.1,arg
GPT2Detector,pp_1.1_arg_3,0.8170714378356934,pp,1.1,arg
GPT2Detector,pp_1.1_arg_1,0.5645585060119629,pp,1.1,arg
GPT2Detector,pp_1.1_arg_2,0.99982750415802,pp,1.1,arg
GPT2Detector,pp_1.1_arg_4,0.9998112320899964,pp,1.1,arg
GPT2Detector,pp_1.1_res_0,0.9995703101158142,pp,1.1,res
GPT2Detector,pp_1.1_res_1,0.984828770160675,pp,1.1,res
GPT2Detector,pp_1.1_res_2,0.9198512434959412,pp,1.1,res
GPT2Detector,pp_1.2_arg_0,0.9377955198287964,pp,1.2,arg
GPT2Detector,pp_1.1_res_3,0.1968736052513122,pp,1.1,res
GPT2Detector,pp_1.1_res_4,0.9968247413635254,pp,1.1,res
GPT2Detector,pp_1.2_arg_1,0.0001797080039978,pp,1.2,arg
GPT2Detector,pp_1.2_arg_2,0.9979689717292786,pp,1.2,arg
GPT2Detector,pp_1.2_arg_3,0.9997634291648864,pp,1.2,arg
GPT2Detector,pp_1.2_res_1,0.2605206966400146,pp,1.2,res
GPT2Detector,pp_1.2_res_3,0.0176421403884887,pp,1.2,res
GPT2Detector,pp_1.2_arg_4,0.9957654476165771,pp,1.2,arg
GPT2Detector,pp_1.2_res_0,0.9323232173919678,pp,1.2,res
GPT2Detector,pp_1.2_res_2,0.916793942451477,pp,1.2,res
GPT2Detector,pp_1.2_res_4,0.9998216032981871,pp,1.2,res
GPT2Detector,pp_1.3_arg_1,0.9962331652641296,pp,1.3,arg
GPT2Detector,pp_1.3_arg_0,0.9998243451118468,pp,1.3,arg
GPT2Detector,pp_1.3_arg_2,0.999827206134796,pp,1.3,arg
GPT2Detector,pp_1.3_arg_3,0.9444688558578492,pp,1.3,arg
GPT2Detector,pp_1.3_res_0,0.9998002648353576,pp,1.3,res
GPT2Detector,pp_1.3_arg_4,0.999818742275238,pp,1.3,arg
GPT2Detector,pp_1.3_res_1,0.9997757077217102,pp,1.3,res
GPT2Detector,pp_1.3_res_2,0.99915874004364,pp,1.3,res
GPT2Detector,pp_1.3_res_4,0.9996777772903442,pp,1.3,res
GPT2Detector,pp_1.4_arg_0,0.889292299747467,pp,1.4,arg
GPT2Detector,pp_1.3_res_3,0.890724778175354,pp,1.3,res
GPT2Detector,pp_1.4_arg_1,0.999812662601471,pp,1.4,arg
GPT2Detector,pp_1.4_arg_2,0.9985333681106568,pp,1.4,arg
GPT2Detector,pp_1.4_arg_3,0.9027901887893676,pp,1.4,arg
GPT2Detector,pp_1.4_arg_4,0.9997925162315368,pp,1.4,arg
GPT2Detector,pp_1.4_res_0,0.9988020658493042,pp,1.4,res
GPT2Detector,pp_1.4_res_4,0.0010519623756408,pp,1.4,res
GPT2Detector,pp_1.4_res_3,0.8035497069358826,pp,1.4,res
GPT2Detector,pp_1.4_res_1,0.8023250102996826,pp,1.4,res
GPT2Detector,pp_1.4_res_2,0.9997702240943908,pp,1.4,res
GPT2Detector,pp_1.5_arg_0,0.999821126461029,pp,1.5,arg
GPT2Detector,pp_1.5_arg_1,0.6235463619232178,pp,1.5,arg
GPT2Detector,pp_1.5_arg_3,0.9957003593444824,pp,1.5,arg
GPT2Detector,pp_1.5_arg_2,0.0707840919494628,pp,1.5,arg
GPT2Detector,pp_1.5_arg_4,0.0945450663566589,pp,1.5,arg
GPT2Detector,pp_1.5_res_0,0.9935448169708252,pp,1.5,res
GPT2Detector,pp_1.5_res_1,0.996896743774414,pp,1.5,res
GPT2Detector,pp_1.5_res_2,0.4175063967704773,pp,1.5,res
GPT2Detector,pp_1.5_res_4,0.9789011478424072,pp,1.5,res
GPT2Detector,pp_1.5_res_3,0.091534674167633,pp,1.5,res
GPT2Detector,pp_1.6_arg_0,0.9893336892127992,pp,1.6,arg
GPT2Detector,pp_1.6_arg_1,0.0042980313301086,pp,1.6,arg
GPT2Detector,pp_1.6_arg_4,0.9998252987861632,pp,1.6,arg
GPT2Detector,pp_1.6_arg_2,0.999681830406189,pp,1.6,arg
GPT2Detector,pp_1.6_arg_3,0.9983022212982178,pp,1.6,arg
GPT2Detector,pp_1.6_res_1,0.9995692372322084,pp,1.6,res
GPT2Detector,pp_1.6_res_0,0.9998266100883484,pp,1.6,res
GPT2Detector,pp_1.6_res_2,0.9781122803688048,pp,1.6,res
GPT2Detector,pp_1.6_res_4,0.9997765421867372,pp,1.6,res
GPT2Detector,pp_1.6_res_3,0.0005673766136169,pp,1.6,res
GPT2Detector,pp_1.7_arg_0,0.999778687953949,pp,1.7,arg
GPT2Detector,pp_1.7_arg_1,0.9637921452522278,pp,1.7,arg
GPT2Detector,pp_1.7_arg_2,0.9998268485069276,pp,1.7,arg
GPT2Detector,pp_1.7_arg_3,0.9268013834953308,pp,1.7,arg
GPT2Detector,pp_1.7_arg_4,0.9998027682304382,pp,1.7,arg
GPT2Detector,pp_1.7_res_0,0.9908733367919922,pp,1.7,res
GPT2Detector,pp_1.7_res_1,0.9998249411582948,pp,1.7,res
GPT2Detector,pp_1.7_res_2,0.0002205967903137,pp,1.7,res
GPT2Detector,pp_1.7_res_4,0.9923730492591858,pp,1.7,res
GPT2Detector,pp_1.7_res_3,0.999658703804016,pp,1.7,res
GPT2Detector,pp_1.8_arg_0,0.99778950214386,pp,1.8,arg
GPT2Detector,pp_1.8_arg_1,0.7747962474822998,pp,1.8,arg
GPT2Detector,pp_1.8_arg_2,0.5099889636039734,pp,1.8,arg
GPT2Detector,pp_1.8_arg_3,0.0054726004600524,pp,1.8,arg
GPT2Detector,pp_1.8_res_0,0.9998227953910828,pp,1.8,res
GPT2Detector,pp_1.8_arg_4,0.9998233914375304,pp,1.8,arg
GPT2Detector,pp_1.8_res_1,0.9995293617248536,pp,1.8,res
GPT2Detector,pp_1.8_res_2,0.977353572845459,pp,1.8,res
GPT2Detector,pp_1.9_arg_2,0.9998180270195008,pp,1.9,arg
GPT2Detector,pp_1.8_res_4,0.9997795224189758,pp,1.8,res
GPT2Detector,pp_1.9_arg_0,0.999793827533722,pp,1.9,arg
GPT2Detector,pp_1.8_res_3,0.0631101727485656,pp,1.8,res
GPT2Detector,pp_1.9_arg_1,0.0702845454216003,pp,1.9,arg
GPT2Detector,pp_1.9_arg_4,0.9998146891593932,pp,1.9,arg
GPT2Detector,pp_1.9_arg_3,0.7319061756134033,pp,1.9,arg
GPT2Detector,pp_1.9_res_0,0.9998255372047424,pp,1.9,res
GPT2Detector,pp_1.9_res_1,0.9995949864387512,pp,1.9,res
GPT2Detector,pp_1.9_res_2,0.2984751462936401,pp,1.9,res
GPT2Detector,pp_1.9_res_3,0.1724324226379394,pp,1.9,res
GPT2Detector,pp_1.9_res_4,0.9267836809158324,pp,1.9,res
GPT2Detector,pp_2.0_arg_3,0.9997066855430604,pp,2.0,arg
GPT2Detector,pp_2.0_arg_0,0.9998039603233336,pp,2.0,arg
GPT2Detector,pp_2.0_arg_1,0.2044551968574524,pp,2.0,arg
GPT2Detector,pp_2.0_arg_2,0.996008276939392,pp,2.0,arg
GPT2Detector,pp_2.0_arg_4,0.9536362886428832,pp,2.0,arg
GPT2Detector,pp_2.0_res_0,0.9998156428337096,pp,2.0,res
GPT2Detector,pp_2.0_res_1,0.0001727938652038,pp,2.0,res
GPT2Detector,pp_2.0_res_2,0.9164759516716005,pp,2.0,res
GPT2Detector,pp_2.0_res_3,0.564505934715271,pp,2.0,res
GPT2Detector,pp_2.0_res_4,0.9997574687004088,pp,2.0,res
CopyLeaks,fp_0.0_arg_3,1.0,fp,0.0,arg
CopyLeaks,fp_0.0_arg_2,1.0,fp,0.0,arg
CopyLeaks,fp_0.0_res_2,1.0,fp,0.0,res
CopyLeaks,fp_0.0_arg_4,1.0,fp,0.0,arg
CopyLeaks,fp_0.0_arg_0,1.0,fp,0.0,arg
CopyLeaks,fp_0.0_res_0,1.0,fp,0.0,res
CopyLeaks,fp_0.0_res_4,1.0,fp,0.0,res
CopyLeaks,fp_0.0_res_1,1.0,fp,0.0,res
CopyLeaks,fp_0.0_res_3,1.0,fp,0.0,res
CopyLeaks,fp_0.0_arg_1,1.0,fp,0.0,arg
CopyLeaks,fp_0.1_res_0,1.0,fp,0.1,res
CopyLeaks,fp_0.1_arg_2,1.0,fp,0.1,arg
CopyLeaks,fp_0.1_arg_0,1.0,fp,0.1,arg
CopyLeaks,fp_0.1_arg_3,1.0,fp,0.1,arg
CopyLeaks,fp_0.1_arg_4,1.0,fp,0.1,arg
CopyLeaks,fp_0.1_res_3,1.0,fp,0.1,res
CopyLeaks,fp_0.1_res_2,1.0,fp,0.1,res
CopyLeaks,fp_0.1_arg_1,1.0,fp,0.1,arg
CopyLeaks,fp_0.1_res_1,1.0,fp,0.1,res
CopyLeaks,fp_0.1_res_4,1.0,fp,0.1,res
CopyLeaks,fp_0.2_arg_2,1.0,fp,0.2,arg
CopyLeaks,fp_0.2_arg_0,1.0,fp,0.2,arg
CopyLeaks,fp_0.2_arg_4,1.0,fp,0.2,arg
CopyLeaks,fp_0.2_arg_1,1.0,fp,0.2,arg
CopyLeaks,fp_0.2_res_3,1.0,fp,0.2,res
CopyLeaks,fp_0.2_arg_3,1.0,fp,0.2,arg
CopyLeaks,fp_0.2_res_1,1.0,fp,0.2,res
CopyLeaks,fp_0.2_res_2,1.0,fp,0.2,res
CopyLeaks,fp_0.2_res_0,1.0,fp,0.2,res
CopyLeaks,fp_0.2_res_4,1.0,fp,0.2,res
CopyLeaks,fp_0.3_arg_2,1.0,fp,0.3,arg
CopyLeaks,fp_0.3_res_2,1.0,fp,0.3,res
CopyLeaks,fp_0.3_res_3,1.0,fp,0.3,res
CopyLeaks,fp_0.3_arg_1,1.0,fp,0.3,arg
CopyLeaks,fp_0.3_arg_3,1.0,fp,0.3,arg
CopyLeaks,fp_0.3_arg_0,1.0,fp,0.3,arg
CopyLeaks,fp_0.3_arg_4,1.0,fp,0.3,arg
CopyLeaks,fp_0.3_res_1,1.0,fp,0.3,res
CopyLeaks,fp_0.3_res_4,1.0,fp,0.3,res
CopyLeaks,fp_0.3_res_0,1.0,fp,0.3,res
CopyLeaks,fp_0.4_arg_0,1.0,fp,0.4,arg
CopyLeaks,fp_0.4_arg_1,1.0,fp,0.4,arg
CopyLeaks,fp_0.4_res_2,1.0,fp,0.4,res
CopyLeaks,fp_0.4_arg_3,1.0,fp,0.4,arg
CopyLeaks,fp_0.4_arg_2,1.0,fp,0.4,arg
CopyLeaks,fp_0.4_arg_4,1.0,fp,0.4,arg
CopyLeaks,fp_0.4_res_3,1.0,fp,0.4,res
CopyLeaks,fp_0.4_res_4,1.0,fp,0.4,res
CopyLeaks,fp_0.5_arg_3,1.0,fp,0.5,arg
CopyLeaks,fp_0.5_arg_0,1.0,fp,0.5,arg
CopyLeaks,fp_0.4_res_1,0.75688076,fp,0.4,res
CopyLeaks,fp_0.5_arg_4,1.0,fp,0.5,arg
CopyLeaks,fp_0.4_res_0,1.0,fp,0.4,res
CopyLeaks,fp_0.5_arg_1,1.0,fp,0.5,arg
CopyLeaks,fp_0.5_arg_2,1.0,fp,0.5,arg
CopyLeaks,fp_0.5_res_2,1.0,fp,0.5,res
CopyLeaks,fp_0.5_res_1,1.0,fp,0.5,res
CopyLeaks,fp_0.5_res_0,1.0,fp,0.5,res
CopyLeaks,fp_0.6_arg_1,1.0,fp,0.6,arg
CopyLeaks,fp_0.6_arg_4,1.0,fp,0.6,arg
CopyLeaks,fp_0.5_res_4,1.0,fp,0.5,res
CopyLeaks,fp_0.6_arg_3,1.0,fp,0.6,arg
CopyLeaks,fp_0.6_res_2,1.0,fp,0.6,res
CopyLeaks,fp_0.6_arg_2,1.0,fp,0.6,arg
CopyLeaks,fp_0.6_arg_0,1.0,fp,0.6,arg
CopyLeaks,fp_0.5_res_3,0.79535866,fp,0.5,res
CopyLeaks,fp_0.6_res_1,1.0,fp,0.6,res
CopyLeaks,fp_0.6_res_0,1.0,fp,0.6,res
CopyLeaks,fp_0.6_res_3,1.0,fp,0.6,res
CopyLeaks,fp_0.7_arg_1,1.0,fp,0.7,arg
CopyLeaks,fp_0.6_res_4,1.0,fp,0.6,res
CopyLeaks,fp_0.7_arg_0,1.0,fp,0.7,arg
CopyLeaks,fp_0.7_res_2,1.0,fp,0.7,res
CopyLeaks,fp_0.7_arg_2,1.0,fp,0.7,arg
CopyLeaks,fp_0.7_res_0,1.0,fp,0.7,res
CopyLeaks,fp_0.7_arg_3,1.0,fp,0.7,arg
CopyLeaks,fp_0.7_res_1,1.0,fp,0.7,res
CopyLeaks,fp_0.7_arg_4,1.0,fp,0.7,arg
CopyLeaks,fp_0.7_res_3,1.0,fp,0.7,res
CopyLeaks,fp_0.8_arg_1,0.81445783,fp,0.8,arg
CopyLeaks,fp_0.8_arg_0,1.0,fp,0.8,arg
CopyLeaks,fp_0.7_res_4,1.0,fp,0.7,res
CopyLeaks,fp_0.8_arg_2,1.0,fp,0.8,arg
CopyLeaks,fp_0.8_arg_3,1.0,fp,0.8,arg
CopyLeaks,fp_0.8_res_2,1.0,fp,0.8,res
CopyLeaks,fp_0.8_arg_4,1.0,fp,0.8,arg
CopyLeaks,fp_0.8_res_1,1.0,fp,0.8,res
CopyLeaks,fp_0.8_res_0,1.0,fp,0.8,res
CopyLeaks,fp_0.8_res_4,1.0,fp,0.8,res
CopyLeaks,fp_0.9_arg_2,1.0,fp,0.9,arg
CopyLeaks,fp_0.9_arg_0,1.0,fp,0.9,arg
CopyLeaks,fp_0.9_arg_3,1.0,fp,0.9,arg
CopyLeaks,fp_0.8_res_3,1.0,fp,0.8,res
CopyLeaks,fp_0.9_arg_1,1.0,fp,0.9,arg
CopyLeaks,fp_0.9_arg_4,1.0,fp,0.9,arg
CopyLeaks,fp_0.9_res_0,1.0,fp,0.9,res
CopyLeaks,fp_0.9_res_3,1.0,fp,0.9,res
CopyLeaks,fp_0.9_res_1,1.0,fp,0.9,res
CopyLeaks,fp_0.9_res_2,1.0,fp,0.9,res
CopyLeaks,fp_0.9_res_4,1.0,fp,0.9,res
CopyLeaks,fp_1.0_arg_1,1.0,fp,1.0,arg
CopyLeaks,fp_1.0_arg_2,0.79396987,fp,1.0,arg
CopyLeaks,fp_1.0_arg_3,1.0,fp,1.0,arg
CopyLeaks,fp_1.0_arg_0,0.6945055,fp,1.0,arg
CopyLeaks,fp_1.0_arg_4,1.0,fp,1.0,arg
CopyLeaks,fp_1.0_res_1,1.0,fp,1.0,res
CopyLeaks,fp_1.0_res_0,1.0,fp,1.0,res
CopyLeaks,fp_1.0_res_3,1.0,fp,1.0,res
CopyLeaks,fp_1.0_res_2,1.0,fp,1.0,res
CopyLeaks,fp_1.0_res_4,1.0,fp,1.0,res
CopyLeaks,fp_1.1_arg_0,1.0,fp,1.1,arg
CopyLeaks,fp_1.1_res_2,1.0,fp,1.1,res
CopyLeaks,fp_1.1_arg_2,1.0,fp,1.1,arg
CopyLeaks,fp_1.1_res_0,1.0,fp,1.1,res
CopyLeaks,fp_1.1_arg_3,1.0,fp,1.1,arg
CopyLeaks,fp_1.1_res_3,1.0,fp,1.1,res
CopyLeaks,fp_1.1_res_4,1.0,fp,1.1,res
CopyLeaks,fp_1.1_res_1,0.60952383,fp,1.1,res
CopyLeaks,fp_1.1_arg_1,0.5568182,fp,1.1,arg
CopyLeaks,fp_1.1_arg_4,0.94495416,fp,1.1,arg
CopyLeaks,fp_1.2_arg_2,1.0,fp,1.2,arg
CopyLeaks,fp_1.2_arg_1,1.0,fp,1.2,arg
CopyLeaks,fp_1.2_arg_4,1.0,fp,1.2,arg
CopyLeaks,fp_1.2_arg_3,0.73580784,fp,1.2,arg
CopyLeaks,fp_1.2_res_0,1.0,fp,1.2,res
CopyLeaks,fp_1.2_res_4,1.0,fp,1.2,res
CopyLeaks,fp_1.2_res_1,1.0,fp,1.2,res
CopyLeaks,fp_1.3_arg_1,1.0,fp,1.3,arg
CopyLeaks,fp_1.2_res_2,1.0,fp,1.2,res
CopyLeaks,fp_1.3_arg_0,0.8092243,fp,1.3,arg
CopyLeaks,fp_1.3_arg_2,1.0,fp,1.3,arg
CopyLeaks,fp_1.2_arg_0,0.6236842,fp,1.2,arg
CopyLeaks,fp_1.2_res_3,0.6537468,fp,1.2,res
CopyLeaks,fp_1.3_arg_3,0.8477366,fp,1.3,arg
CopyLeaks,fp_1.3_arg_4,1.0,fp,1.3,arg
CopyLeaks,fp_1.3_res_2,1.0,fp,1.3,res
CopyLeaks,fp_1.3_res_0,0.9692308,fp,1.3,res
CopyLeaks,fp_1.3_res_3,1.0,fp,1.3,res
CopyLeaks,fp_1.3_res_1,1.0,fp,1.3,res
CopyLeaks,fp_1.4_arg_2,1.0,fp,1.4,arg
CopyLeaks,fp_1.4_arg_1,1.0,fp,1.4,arg
CopyLeaks,fp_1.4_arg_4,1.0,fp,1.4,arg
CopyLeaks,fp_1.3_res_4,1.0,fp,1.3,res
CopyLeaks,fp_1.4_arg_3,0.7229219,fp,1.4,arg
CopyLeaks,fp_1.4_arg_0,1.0,fp,1.4,arg
CopyLeaks,fp_1.4_res_1,0.8955696,fp,1.4,res
CopyLeaks,fp_1.4_res_2,1.0,fp,1.4,res
CopyLeaks,fp_1.5_arg_2,1.0,fp,1.5,arg
CopyLeaks,fp_1.5_arg_0,0.6334107,fp,1.5,arg
CopyLeaks,fp_1.4_res_4,0.68237704,fp,1.4,res
CopyLeaks,fp_1.4_res_0,0.93766236,fp,1.4,res
CopyLeaks,fp_1.4_res_3,0.7567568,fp,1.4,res
CopyLeaks,fp_1.5_res_0,1.0,fp,1.5,res
CopyLeaks,fp_1.5_res_1,1.0,fp,1.5,res
CopyLeaks,fp_1.5_res_2,1.0,fp,1.5,res
CopyLeaks,fp_1.5_arg_1,1.0,fp,1.5,arg
CopyLeaks,fp_1.5_res_4,0.7009346,fp,1.5,res
CopyLeaks,fp_1.5_res_3,1.0,fp,1.5,res
CopyLeaks,fp_1.5_arg_4,0.8854962,fp,1.5,arg
CopyLeaks,fp_1.5_arg_3,0.82522124,fp,1.5,arg
CopyLeaks,fp_1.6_arg_1,0.83505154,fp,1.6,arg
CopyLeaks,fp_1.6_arg_0,1.0,fp,1.6,arg
CopyLeaks,fp_1.6_arg_3,0.66584766,fp,1.6,arg
CopyLeaks,fp_1.6_res_2,1.0,fp,1.6,res
CopyLeaks,fp_1.6_arg_2,1.0,fp,1.6,arg
CopyLeaks,fp_1.6_res_0,1.0,fp,1.6,res
CopyLeaks,fp_1.6_arg_4,0.53079176,fp,1.6,arg
CopyLeaks,fp_1.6_res_3,1.0,fp,1.6,res
CopyLeaks,fp_1.6_res_4,1.0,fp,1.6,res
CopyLeaks,fp_1.6_res_1,0.63517916,fp,1.6,res
CopyLeaks,fp_1.7_arg_1,1.0,fp,1.7,arg
CopyLeaks,fp_1.7_arg_0,0.5843829,fp,1.7,arg
CopyLeaks,fp_1.7_arg_2,1.0,fp,1.7,arg
CopyLeaks,fp_1.7_arg_3,0.8121019,fp,1.7,arg
CopyLeaks,fp_1.7_res_3,1.0,fp,1.7,res
CopyLeaks,fp_1.7_res_0,1.0,fp,1.7,res
CopyLeaks,fp_1.7_res_2,1.0,fp,1.7,res
CopyLeaks,fp_1.8_arg_4,1.0,fp,1.8,arg
CopyLeaks,fp_1.7_res_4,1.0,fp,1.7,res
CopyLeaks,fp_1.8_arg_0,0.84951454,fp,1.8,arg
CopyLeaks,fp_1.8_arg_3,0.6412556,fp,1.8,arg
CopyLeaks,fp_1.7_arg_4,0.6640625,fp,1.7,arg
CopyLeaks,fp_1.8_arg_1,1.0,fp,1.8,arg
CopyLeaks,fp_1.7_res_1,0.7719715,fp,1.7,res
CopyLeaks,fp_1.8_arg_2,1.0,fp,1.8,arg
CopyLeaks,fp_1.8_res_0,0.7883212,fp,1.8,res
CopyLeaks,fp_1.8_res_4,1.0,fp,1.8,res
CopyLeaks,fp_1.8_res_3,0.62412995,fp,1.8,res
CopyLeaks,fp_1.9_arg_4,0.0,fp,1.9,arg
CopyLeaks,fp_1.9_arg_0,1.0,fp,1.9,arg
CopyLeaks,fp_1.9_arg_2,1.0,fp,1.9,arg
CopyLeaks,fp_1.8_res_1,0.71903324,fp,1.8,res
CopyLeaks,fp_1.8_res_2,0.59202456,fp,1.8,res
CopyLeaks,fp_1.9_arg_1,0.7089947,fp,1.9,arg
CopyLeaks,fp_1.9_arg_3,1.0,fp,1.9,arg
CopyLeaks,fp_1.9_res_0,1.0,fp,1.9,res
CopyLeaks,fp_2.0_arg_1,1.0,fp,2.0,arg
CopyLeaks,fp_2.0_arg_0,1.0,fp,2.0,arg
CopyLeaks,fp_1.9_res_1,1.0,fp,1.9,res
CopyLeaks,fp_1.9_res_2,1.0,fp,1.9,res
CopyLeaks,fp_1.9_res_3,1.0,fp,1.9,res
CopyLeaks,fp_2.0_arg_4,1.0,fp,2.0,arg
CopyLeaks,fp_2.0_res_0,1.0,fp,2.0,res
CopyLeaks,fp_2.0_arg_2,1.0,fp,2.0,arg
CopyLeaks,fp_2.0_res_1,1.0,fp,2.0,res
CopyLeaks,fp_1.9_res_4,0.8333333,fp,1.9,res
CopyLeaks,fp_2.0_arg_3,0.6910299,fp,2.0,arg
CopyLeaks,fp_2.0_res_2,0.7335329,fp,2.0,res
CopyLeaks,pp_0.0_arg_1,1.0,pp,0.0,arg
CopyLeaks,pp_0.0_arg_3,1.0,pp,0.0,arg
CopyLeaks,pp_0.0_arg_0,1.0,pp,0.0,arg
CopyLeaks,pp_0.0_arg_2,1.0,pp,0.0,arg
CopyLeaks,pp_0.0_res_1,1.0,pp,0.0,res
CopyLeaks,fp_2.0_res_4,0.8376238,fp,2.0,res
CopyLeaks,pp_0.0_arg_4,1.0,pp,0.0,arg
CopyLeaks,pp_0.0_res_3,1.0,pp,0.0,res
CopyLeaks,pp_0.0_res_0,1.0,pp,0.0,res
CopyLeaks,pp_0.1_arg_1,1.0,pp,0.1,arg
CopyLeaks,fp_2.0_res_3,0.79953915,fp,2.0,res
CopyLeaks,pp_0.0_res_4,1.0,pp,0.0,res
CopyLeaks,pp_0.1_arg_2,1.0,pp,0.1,arg
CopyLeaks,pp_0.1_arg_0,1.0,pp,0.1,arg
CopyLeaks,pp_0.0_res_2,1.0,pp,0.0,res
CopyLeaks,pp_0.1_arg_4,1.0,pp,0.1,arg
CopyLeaks,pp_0.1_arg_3,1.0,pp,0.1,arg
CopyLeaks,pp_0.1_res_0,1.0,pp,0.1,res
CopyLeaks,pp_0.1_res_1,1.0,pp,0.1,res
CopyLeaks,pp_0.1_res_2,1.0,pp,0.1,res
CopyLeaks,pp_0.1_res_3,1.0,pp,0.1,res
CopyLeaks,pp_0.2_arg_1,1.0,pp,0.2,arg
CopyLeaks,pp_0.2_arg_2,1.0,pp,0.2,arg
CopyLeaks,pp_0.1_res_4,1.0,pp,0.1,res
CopyLeaks,pp_0.2_arg_3,1.0,pp,0.2,arg
CopyLeaks,pp_0.2_res_2,1.0,pp,0.2,res
CopyLeaks,pp_0.2_res_1,1.0,pp,0.2,res
CopyLeaks,pp_0.2_arg_0,1.0,pp,0.2,arg
CopyLeaks,pp_0.3_arg_0,1.0,pp,0.3,arg
CopyLeaks,pp_0.2_res_0,1.0,pp,0.2,res
CopyLeaks,pp_0.2_res_4,1.0,pp,0.2,res
CopyLeaks,pp_0.2_res_3,1.0,pp,0.2,res
CopyLeaks,pp_0.3_arg_2,1.0,pp,0.3,arg
CopyLeaks,pp_0.3_arg_3,1.0,pp,0.3,arg
CopyLeaks,pp_0.3_res_1,1.0,pp,0.3,res
CopyLeaks,pp_0.2_arg_4,1.0,pp,0.2,arg
CopyLeaks,pp_0.4_arg_1,1.0,pp,0.4,arg
CopyLeaks,pp_0.4_arg_2,1.0,pp,0.4,arg
CopyLeaks,pp_0.3_arg_1,1.0,pp,0.3,arg
CopyLeaks,pp_0.4_arg_3,1.0,pp,0.4,arg
CopyLeaks,pp_0.3_res_3,1.0,pp,0.3,res
CopyLeaks,pp_0.3_res_4,1.0,pp,0.3,res
CopyLeaks,pp_0.3_arg_4,1.0,pp,0.3,arg
CopyLeaks,pp_0.3_res_0,1.0,pp,0.3,res
CopyLeaks,pp_0.3_res_2,1.0,pp,0.3,res
CopyLeaks,pp_0.4_res_0,1.0,pp,0.4,res
CopyLeaks,pp_0.4_arg_4,1.0,pp,0.4,arg
CopyLeaks,pp_0.4_res_2,1.0,pp,0.4,res
CopyLeaks,pp_0.4_res_3,1.0,pp,0.4,res
CopyLeaks,pp_0.5_arg_1,1.0,pp,0.5,arg
CopyLeaks,pp_0.4_arg_0,1.0,pp,0.4,arg
CopyLeaks,pp_0.5_arg_0,1.0,pp,0.5,arg
CopyLeaks,pp_0.5_arg_2,1.0,pp,0.5,arg
CopyLeaks,pp_0.4_res_1,1.0,pp,0.4,res
CopyLeaks,pp_0.4_res_4,1.0,pp,0.4,res
CopyLeaks,pp_0.5_res_2,1.0,pp,0.5,res
CopyLeaks,pp_0.5_arg_3,1.0,pp,0.5,arg
CopyLeaks,pp_0.5_res_0,1.0,pp,0.5,res
CopyLeaks,pp_0.6_arg_0,1.0,pp,0.6,arg
CopyLeaks,pp_0.5_res_4,1.0,pp,0.5,res
CopyLeaks,pp_0.5_res_3,1.0,pp,0.5,res
CopyLeaks,pp_0.5_arg_4,1.0,pp,0.5,arg
CopyLeaks,pp_0.5_res_1,1.0,pp,0.5,res
CopyLeaks,pp_0.6_arg_3,1.0,pp,0.6,arg
CopyLeaks,pp_0.6_arg_4,1.0,pp,0.6,arg
CopyLeaks,pp_0.6_res_2,1.0,pp,0.6,res
CopyLeaks,pp_0.6_arg_2,1.0,pp,0.6,arg
CopyLeaks,pp_0.6_arg_1,1.0,pp,0.6,arg
CopyLeaks,pp_0.6_res_3,1.0,pp,0.6,res
CopyLeaks,pp_0.6_res_0,1.0,pp,0.6,res
CopyLeaks,pp_0.7_arg_1,1.0,pp,0.7,arg
CopyLeaks,pp_0.6_res_4,1.0,pp,0.6,res
CopyLeaks,pp_0.7_arg_2,1.0,pp,0.7,arg
CopyLeaks,pp_0.6_res_1,1.0,pp,0.6,res
CopyLeaks,pp_0.7_arg_0,1.0,pp,0.7,arg
CopyLeaks,pp_0.7_res_3,1.0,pp,0.7,res
CopyLeaks,pp_0.7_arg_4,1.0,pp,0.7,arg
CopyLeaks,pp_0.7_arg_3,1.0,pp,0.7,arg
CopyLeaks,pp_0.7_res_0,1.0,pp,0.7,res
CopyLeaks,pp_0.7_res_4,1.0,pp,0.7,res
CopyLeaks,pp_0.7_res_1,1.0,pp,0.7,res
CopyLeaks,pp_0.7_res_2,1.0,pp,0.7,res
CopyLeaks,pp_0.8_arg_3,1.0,pp,0.8,arg
CopyLeaks,pp_0.8_arg_2,1.0,pp,0.8,arg
CopyLeaks,pp_0.8_arg_4,1.0,pp,0.8,arg
CopyLeaks,pp_0.8_arg_0,1.0,pp,0.8,arg
CopyLeaks,pp_0.8_arg_1,1.0,pp,0.8,arg
CopyLeaks,pp_0.8_res_3,1.0,pp,0.8,res
CopyLeaks,pp_0.8_res_1,1.0,pp,0.8,res
CopyLeaks,pp_0.9_arg_2,1.0,pp,0.9,arg
CopyLeaks,pp_0.8_res_4,1.0,pp,0.8,res
CopyLeaks,pp_0.9_arg_3,1.0,pp,0.9,arg
CopyLeaks,pp_0.8_res_0,1.0,pp,0.8,res
CopyLeaks,pp_0.9_arg_4,1.0,pp,0.9,arg
CopyLeaks,pp_0.9_res_0,1.0,pp,0.9,res
CopyLeaks,pp_0.9_arg_1,1.0,pp,0.9,arg
CopyLeaks,pp_0.9_arg_0,1.0,pp,0.9,arg
CopyLeaks,pp_0.8_res_2,1.0,pp,0.8,res
CopyLeaks,pp_0.9_res_2,1.0,pp,0.9,res
CopyLeaks,pp_0.9_res_3,1.0,pp,0.9,res
CopyLeaks,pp_0.9_res_1,1.0,pp,0.9,res
CopyLeaks,pp_1.0_arg_3,1.0,pp,1.0,arg
CopyLeaks,pp_0.9_res_4,1.0,pp,0.9,res
CopyLeaks,pp_1.0_res_0,1.0,pp,1.0,res
CopyLeaks,pp_1.0_arg_0,1.0,pp,1.0,arg
CopyLeaks,pp_1.0_arg_2,1.0,pp,1.0,arg
CopyLeaks,pp_1.0_arg_4,1.0,pp,1.0,arg
CopyLeaks,pp_1.0_arg_1,1.0,pp,1.0,arg
CopyLeaks,pp_1.0_res_1,1.0,pp,1.0,res
CopyLeaks,pp_1.0_res_2,1.0,pp,1.0,res
CopyLeaks,pp_1.1_arg_1,1.0,pp,1.1,arg
CopyLeaks,pp_1.1_arg_2,1.0,pp,1.1,arg
CopyLeaks,pp_1.1_arg_4,1.0,pp,1.1,arg
CopyLeaks,pp_1.0_res_3,1.0,pp,1.0,res
CopyLeaks,pp_1.0_res_4,1.0,pp,1.0,res
CopyLeaks,pp_1.1_arg_0,1.0,pp,1.1,arg
CopyLeaks,pp_1.1_arg_3,1.0,pp,1.1,arg
CopyLeaks,pp_1.1_res_1,1.0,pp,1.1,res
CopyLeaks,pp_1.1_res_0,1.0,pp,1.1,res
CopyLeaks,pp_1.2_arg_0,1.0,pp,1.2,arg
CopyLeaks,pp_1.1_res_2,1.0,pp,1.1,res
CopyLeaks,pp_1.1_res_3,1.0,pp,1.1,res
CopyLeaks,pp_1.2_res_2,1.0,pp,1.2,res
CopyLeaks,pp_1.1_res_4,1.0,pp,1.1,res
CopyLeaks,pp_1.2_arg_1,1.0,pp,1.2,arg
CopyLeaks,pp_1.2_arg_2,1.0,pp,1.2,arg
CopyLeaks,pp_1.2_arg_3,1.0,pp,1.2,arg
CopyLeaks,pp_1.2_res_1,1.0,pp,1.2,res
CopyLeaks,pp_1.2_res_0,1.0,pp,1.2,res
CopyLeaks,pp_1.2_arg_4,1.0,pp,1.2,arg
CopyLeaks,pp_1.2_res_3,1.0,pp,1.2,res
CopyLeaks,pp_1.2_res_4,1.0,pp,1.2,res
CopyLeaks,pp_1.3_arg_0,1.0,pp,1.3,arg
CopyLeaks,pp_1.3_arg_2,1.0,pp,1.3,arg
CopyLeaks,pp_1.3_res_2,1.0,pp,1.3,res
CopyLeaks,pp_1.3_arg_3,1.0,pp,1.3,arg
CopyLeaks,pp_1.3_res_0,1.0,pp,1.3,res
CopyLeaks,pp_1.3_arg_4,1.0,pp,1.3,arg
CopyLeaks,pp_1.3_res_1,1.0,pp,1.3,res
CopyLeaks,pp_1.3_arg_1,1.0,pp,1.3,arg
CopyLeaks,pp_1.3_res_3,1.0,pp,1.3,res
CopyLeaks,pp_1.4_arg_0,1.0,pp,1.4,arg
CopyLeaks,pp_1.3_res_4,1.0,pp,1.3,res
CopyLeaks,pp_1.4_arg_3,1.0,pp,1.4,arg
CopyLeaks,pp_1.4_arg_2,1.0,pp,1.4,arg
CopyLeaks,pp_1.4_arg_1,1.0,pp,1.4,arg
CopyLeaks,pp_1.4_res_2,1.0,pp,1.4,res
CopyLeaks,pp_1.4_arg_4,1.0,pp,1.4,arg
CopyLeaks,pp_1.4_res_0,1.0,pp,1.4,res
CopyLeaks,pp_1.4_res_1,1.0,pp,1.4,res
CopyLeaks,pp_1.4_res_4,1.0,pp,1.4,res
CopyLeaks,pp_1.5_arg_0,1.0,pp,1.5,arg
CopyLeaks,pp_1.4_res_3,1.0,pp,1.4,res
CopyLeaks,pp_1.5_arg_1,1.0,pp,1.5,arg
CopyLeaks,pp_1.5_arg_2,1.0,pp,1.5,arg
CopyLeaks,pp_1.5_arg_3,1.0,pp,1.5,arg
CopyLeaks,pp_1.5_arg_4,1.0,pp,1.5,arg
CopyLeaks,pp_1.5_res_2,1.0,pp,1.5,res
CopyLeaks,pp_1.5_res_4,1.0,pp,1.5,res
CopyLeaks,pp_1.6_arg_4,1.0,pp,1.6,arg
CopyLeaks,pp_1.6_arg_0,1.0,pp,1.6,arg
CopyLeaks,pp_1.5_res_3,1.0,pp,1.5,res
CopyLeaks,pp_1.6_arg_1,1.0,pp,1.6,arg
CopyLeaks,pp_1.5_res_0,1.0,pp,1.5,res
CopyLeaks,pp_1.6_arg_3,1.0,pp,1.6,arg
CopyLeaks,pp_1.6_res_0,1.0,pp,1.6,res
CopyLeaks,pp_1.5_res_1,1.0,pp,1.5,res
CopyLeaks,pp_1.6_arg_2,1.0,pp,1.6,arg
CopyLeaks,pp_1.6_res_1,1.0,pp,1.6,res
CopyLeaks,pp_1.6_res_4,1.0,pp,1.6,res
CopyLeaks,pp_1.7_arg_0,1.0,pp,1.7,arg
CopyLeaks,pp_1.7_arg_1,1.0,pp,1.7,arg
CopyLeaks,pp_1.6_res_3,1.0,pp,1.6,res
CopyLeaks,pp_1.7_arg_2,1.0,pp,1.7,arg
CopyLeaks,pp_1.7_arg_3,1.0,pp,1.7,arg
CopyLeaks,pp_1.7_arg_4,1.0,pp,1.7,arg
CopyLeaks,pp_1.7_res_0,1.0,pp,1.7,res
CopyLeaks,pp_1.7_res_1,1.0,pp,1.7,res
CopyLeaks,pp_1.6_res_2,1.0,pp,1.6,res
CopyLeaks,pp_1.7_res_3,1.0,pp,1.7,res
CopyLeaks,pp_1.8_arg_0,1.0,pp,1.8,arg
CopyLeaks,pp_1.8_arg_1,1.0,pp,1.8,arg
CopyLeaks,pp_1.8_arg_4,1.0,pp,1.8,arg
CopyLeaks,pp_1.8_res_2,1.0,pp,1.8,res
CopyLeaks,pp_1.8_res_4,1.0,pp,1.8,res
CopyLeaks,pp_1.8_arg_2,1.0,pp,1.8,arg
CopyLeaks,pp_1.7_res_2,1.0,pp,1.7,res
CopyLeaks,pp_1.9_arg_0,1.0,pp,1.9,arg
CopyLeaks,pp_1.8_res_0,1.0,pp,1.8,res
CopyLeaks,pp_1.7_res_4,1.0,pp,1.7,res
CopyLeaks,pp_1.8_arg_3,1.0,pp,1.8,arg
CopyLeaks,pp_1.8_res_3,1.0,pp,1.8,res
CopyLeaks,pp_1.8_res_1,1.0,pp,1.8,res
CopyLeaks,pp_1.9_arg_2,1.0,pp,1.9,arg
CopyLeaks,pp_1.9_arg_3,1.0,pp,1.9,arg
CopyLeaks,pp_1.9_arg_4,1.0,pp,1.9,arg
CopyLeaks,pp_1.9_arg_1,1.0,pp,1.9,arg
CopyLeaks,pp_2.0_arg_0,1.0,pp,2.0,arg
CopyLeaks,pp_1.9_res_0,1.0,pp,1.9,res
CopyLeaks,pp_1.9_res_3,1.0,pp,1.9,res
CopyLeaks,pp_2.0_arg_3,1.0,pp,2.0,arg
CopyLeaks,pp_1.9_res_1,1.0,pp,1.9,res
CopyLeaks,pp_2.0_res_0,1.0,pp,2.0,res
CopyLeaks,pp_1.9_res_2,1.0,pp,1.9,res
CopyLeaks,pp_1.9_res_4,1.0,pp,1.9,res
CopyLeaks,pp_2.0_res_1,1.0,pp,2.0,res
CopyLeaks,pp_2.0_res_2,1.0,pp,2.0,res
CopyLeaks,pp_2.0_res_3,1.0,pp,2.0,res
CopyLeaks,pp_2.0_res_4,1.0,pp,2.0,res
CopyLeaks,pp_2.0_arg_1,1.0,pp,2.0,arg
CopyLeaks,pp_2.0_arg_4,1.0,pp,2.0,arg
CopyLeaks,pp_2.0_arg_2,1.0,pp,2.0,arg
GPTZero,fp_0.0_arg_4,0.9973955738343496,fp,0.0,arg
GPTZero,fp_0.0_arg_2,0.9973955738343496,fp,0.0,arg
GPTZero,fp_0.0_arg_1,0.9977775103937532,fp,0.0,arg
GPTZero,fp_0.0_res_4,0.9977558223168834,fp,0.0,res
GPTZero,fp_0.0_res_0,0.9973955738343496,fp,0.0,res
GPTZero,fp_0.0_res_1,1.0,fp,0.0,res
GPTZero,fp_0.0_res_2,0.9977558223168834,fp,0.0,res
GPTZero,fp_0.0_arg_0,0.9977558223168834,fp,0.0,arg
GPTZero,fp_0.0_arg_3,0.9106245014028448,fp,0.0,arg
GPTZero,fp_0.0_res_3,0.982251886615535,fp,0.0,res
GPTZero,fp_0.1_arg_0,0.4444388531746531,fp,0.1,arg
GPTZero,fp_0.1_arg_1,0.9825825322814176,fp,0.1,arg
GPTZero,fp_0.1_res_0,0.8288928167075286,fp,0.1,res
GPTZero,fp_0.1_res_3,0.9977558223168834,fp,0.1,res
GPTZero,fp_0.1_arg_2,0.9977558223168834,fp,0.1,arg
GPTZero,fp_0.1_res_1,0.915173930512831,fp,0.1,res
GPTZero,fp_0.1_arg_4,0.9109374343376851,fp,0.1,arg
GPTZero,fp_0.1_arg_3,0.9825825322814176,fp,0.1,arg
GPTZero,fp_0.1_res_4,0.982932157729323,fp,0.1,res
GPTZero,fp_0.1_res_2,0.9977775103937532,fp,0.1,res
GPTZero,fp_0.2_arg_0,0.8223915592028135,fp,0.2,arg
GPTZero,fp_0.2_arg_1,0.8223915592028135,fp,0.2,arg
GPTZero,fp_0.2_res_0,0.9977558223168834,fp,0.2,res
GPTZero,fp_0.2_arg_2,0.8653488706375682,fp,0.2,arg
GPTZero,fp_0.2_arg_4,0.982932157729323,fp,0.2,arg
GPTZero,fp_0.2_res_3,0.982932157729323,fp,0.2,res
GPTZero,fp_0.2_res_4,0.9977558223168834,fp,0.2,res
GPTZero,fp_0.3_arg_1,0.9973955738343496,fp,0.3,arg
GPTZero,fp_0.2_res_2,1.0,fp,0.2,res
GPTZero,fp_0.3_arg_0,0.9977558223168834,fp,0.3,arg
GPTZero,fp_0.2_arg_3,0.8952464788732395,fp,0.2,arg
GPTZero,fp_0.3_arg_3,0.4444388531746531,fp,0.3,arg
GPTZero,fp_0.3_arg_4,0.6027397260273972,fp,0.3,arg
GPTZero,fp_0.3_arg_2,0.4093567251461988,fp,0.3,arg
GPTZero,fp_0.2_res_1,0.982251886615535,fp,0.2,res
GPTZero,fp_0.3_res_1,0.9825825322814176,fp,0.3,res
GPTZero,fp_0.3_res_2,0.9851100744681244,fp,0.3,res
GPTZero,fp_0.3_res_0,0.9825825322814176,fp,0.3,res
GPTZero,fp_0.3_res_3,0.9826080317224812,fp,0.3,res
GPTZero,fp_0.3_res_4,0.9973955738343496,fp,0.3,res
GPTZero,fp_0.4_arg_3,0.9109374343376851,fp,0.4,arg
GPTZero,fp_0.4_arg_4,0.915173930512831,fp,0.4,arg
GPTZero,fp_0.4_arg_2,1.0,fp,0.4,arg
GPTZero,fp_0.4_arg_0,0.4193051514632894,fp,0.4,arg
GPTZero,fp_0.4_arg_1,0.982251886615535,fp,0.4,arg
GPTZero,fp_0.4_res_1,0.9977558223168834,fp,0.4,res
GPTZero,fp_0.4_res_0,0.9825825322814176,fp,0.4,res
GPTZero,fp_0.4_res_2,0.9973955738343496,fp,0.4,res
GPTZero,fp_0.5_arg_1,0.9802844144278466,fp,0.5,arg
GPTZero,fp_0.4_res_4,0.8680284676388803,fp,0.4,res
GPTZero,fp_0.5_arg_0,0.4336227571789511,fp,0.5,arg
GPTZero,fp_0.4_res_3,0.982932157729323,fp,0.4,res
GPTZero,fp_0.5_arg_4,0.8235569534490451,fp,0.5,arg
GPTZero,fp_0.5_arg_3,0.7745801259622113,fp,0.5,arg
GPTZero,fp_0.5_arg_2,0.890625,fp,0.5,arg
GPTZero,fp_0.5_res_0,0.777828259881872,fp,0.5,res
GPTZero,fp_0.5_res_1,0.982251886615535,fp,0.5,res
GPTZero,fp_0.5_res_2,0.777828259881872,fp,0.5,res
GPTZero,fp_0.6_arg_0,0.915321344878592,fp,0.6,arg
GPTZero,fp_0.5_res_3,0.406690247888171,fp,0.5,res
GPTZero,fp_0.5_res_4,0.9972238584022944,fp,0.5,res
GPTZero,fp_0.6_arg_2,0.9122259726882967,fp,0.6,arg
GPTZero,fp_0.6_arg_1,0.4444388531746531,fp,0.6,arg
GPTZero,fp_0.6_arg_3,1.0,fp,0.6,arg
GPTZero,fp_0.6_res_1,0.9122259726882967,fp,0.6,res
GPTZero,fp_0.6_arg_4,0.913592311107588,fp,0.6,arg
GPTZero,fp_0.6_res_0,0.9977775103937532,fp,0.6,res
GPTZero,fp_0.6_res_4,0.9977558223168834,fp,0.6,res
GPTZero,fp_0.6_res_3,0.9825825322814176,fp,0.6,res
GPTZero,fp_0.6_res_2,0.717084025448961,fp,0.6,res
GPTZero,fp_0.7_arg_0,0.915321344878592,fp,0.7,arg
GPTZero,fp_0.7_arg_1,0.7845924722447875,fp,0.7,arg
GPTZero,fp_0.7_arg_3,0.4300352763312616,fp,0.7,arg
GPTZero,fp_0.7_arg_2,0.3491271820448878,fp,0.7,arg
GPTZero,fp_0.7_arg_4,0.9977558223168834,fp,0.7,arg
GPTZero,fp_0.7_res_0,0.3520387370607289,fp,0.7,res
GPTZero,fp_0.7_res_3,0.4533239085065039,fp,0.7,res
GPTZero,fp_0.7_res_1,0.929429835815492,fp,0.7,res
GPTZero,fp_0.7_res_2,0.8234289035940133,fp,0.7,res
GPTZero,fp_0.7_res_4,0.3292891367087898,fp,0.7,res
GPTZero,fp_0.8_arg_0,0.3528967745761765,fp,0.8,arg
GPTZero,fp_0.8_arg_1,0.1692571276148266,fp,0.8,arg
GPTZero,fp_0.8_arg_2,0.982932157729323,fp,0.8,arg
GPTZero,fp_0.8_arg_4,0.9104753354570072,fp,0.8,arg
GPTZero,fp_0.8_arg_3,0.7745801259622113,fp,0.8,arg
GPTZero,fp_0.8_res_0,0.8223915592028135,fp,0.8,res
GPTZero,fp_0.8_res_1,0.3139979159430358,fp,0.8,res
GPTZero,fp_0.8_res_3,0.5225613802256138,fp,0.8,res
GPTZero,fp_0.9_arg_0,0.4444388531746531,fp,0.9,arg
GPTZero,fp_0.8_res_4,0.982251886615535,fp,0.8,res
GPTZero,fp_0.8_res_2,0.4070450097847358,fp,0.8,res
GPTZero,fp_0.9_arg_2,0.3519943363743142,fp,0.9,arg
GPTZero,fp_0.9_arg_1,0.4340580987325952,fp,0.9,arg
GPTZero,fp_0.9_arg_4,1.0,fp,0.9,arg
GPTZero,fp_0.9_res_0,0.3559283199179716,fp,0.9,res
GPTZero,fp_0.9_res_1,0.9825825322814176,fp,0.9,res
GPTZero,fp_0.9_res_2,0.1692571276148266,fp,0.9,res
GPTZero,fp_0.9_arg_3,0.9039341262580056,fp,0.9,arg
GPTZero,fp_0.9_res_4,0.9122259726882967,fp,0.9,res
GPTZero,fp_1.0_arg_0,0.3902439024390244,fp,1.0,arg
GPTZero,fp_0.9_res_3,0.4453935182454194,fp,0.9,res
GPTZero,fp_1.0_arg_1,0.3519943363743142,fp,1.0,arg
GPTZero,fp_1.0_arg_2,0.3080712570370114,fp,1.0,arg
GPTZero,fp_1.0_arg_3,0.3381208856971873,fp,1.0,arg
GPTZero,fp_1.0_res_2,0.4947987774264298,fp,1.0,res
GPTZero,fp_1.0_res_1,0.3516345459245676,fp,1.0,res
GPTZero,fp_1.0_res_0,0.3559283199179716,fp,1.0,res
GPTZero,fp_1.0_arg_4,0.5140164464566201,fp,1.0,arg
GPTZero,fp_1.0_res_4,0.9825825322814176,fp,1.0,res
GPTZero,fp_1.1_arg_0,0.261188242271255,fp,1.1,arg
GPTZero,fp_1.0_res_3,0.6082287355928725,fp,1.0,res
GPTZero,fp_1.1_arg_1,0.3519943363743142,fp,1.1,arg
GPTZero,fp_1.1_arg_3,0.4307281610914038,fp,1.1,arg
GPTZero,fp_1.1_arg_2,0.3599473720656464,fp,1.1,arg
GPTZero,fp_1.1_res_0,0.4656624968087822,fp,1.1,res
GPTZero,fp_1.1_res_1,0.1796203529222259,fp,1.1,res
GPTZero,fp_1.1_arg_4,0.121786197564276,fp,1.1,arg
GPTZero,fp_1.1_res_2,0.3102146642772715,fp,1.1,res
GPTZero,fp_1.1_res_3,0.3845574801995487,fp,1.1,res
GPTZero,fp_1.1_res_4,0.982251886615535,fp,1.1,res
GPTZero,fp_1.2_arg_0,0.2829420970266041,fp,1.2,arg
GPTZero,fp_1.2_arg_2,0.1162346521145975,fp,1.2,arg
GPTZero,fp_1.2_arg_1,0.266899630497082,fp,1.2,arg
GPTZero,fp_1.2_res_0,0.3504804662385071,fp,1.2,res
GPTZero,fp_1.2_arg_4,0.2913197607005349,fp,1.2,arg
GPTZero,fp_1.2_arg_3,0.3239151182779198,fp,1.2,arg
GPTZero,fp_1.2_res_2,0.4558338117106774,fp,1.2,res
GPTZero,fp_1.2_res_1,0.3559283199179716,fp,1.2,res
GPTZero,fp_1.2_res_3,0.3516345459245676,fp,1.2,res
GPTZero,fp_1.2_res_4,0.2973384796449171,fp,1.2,res
GPTZero,fp_1.3_arg_0,0.3337214255288939,fp,1.3,arg
GPTZero,fp_1.3_arg_1,0.261188242271255,fp,1.3,arg
GPTZero,fp_1.3_arg_3,0.3102146642772715,fp,1.3,arg
GPTZero,fp_1.3_res_1,0.1121697107566117,fp,1.3,res
GPTZero,fp_1.3_arg_2,0.3559283199179716,fp,1.3,arg
GPTZero,fp_1.3_arg_4,0.1061266341963599,fp,1.3,arg
GPTZero,fp_1.3_res_0,0.4070450097847358,fp,1.3,res
GPTZero,fp_1.3_res_2,0.915630600561598,fp,1.3,res
GPTZero,fp_1.4_arg_0,0.3292891367087898,fp,1.4,arg
GPTZero,fp_1.3_res_3,0.7333772849865149,fp,1.3,res
GPTZero,fp_1.4_arg_1,0.1761040393252156,fp,1.4,arg
GPTZero,fp_1.3_res_4,0.2848387396991486,fp,1.3,res
GPTZero,fp_1.4_arg_2,0.8653488706375682,fp,1.4,arg
GPTZero,fp_1.4_res_0,0.144927536231884,fp,1.4,res
GPTZero,fp_1.4_arg_4,0.1736026429653469,fp,1.4,arg
GPTZero,fp_1.4_res_2,0.3102146642772715,fp,1.4,res
GPTZero,fp_1.4_res_1,0.1860972309294921,fp,1.4,res
GPTZero,fp_1.4_res_3,0.3521318737012948,fp,1.4,res
GPTZero,fp_1.5_arg_0,0.1726632731542462,fp,1.5,arg
GPTZero,fp_1.5_arg_1,0.0799999999999999,fp,1.5,arg
GPTZero,fp_1.4_res_4,0.3307943416757345,fp,1.4,res
GPTZero,fp_1.5_arg_3,0.1739751072563051,fp,1.5,arg
GPTZero,fp_1.5_arg_2,0.3369005930750232,fp,1.5,arg
GPTZero,fp_1.5_res_0,0.1736026429653469,fp,1.5,res
GPTZero,fp_1.5_arg_4,0.261188242271255,fp,1.5,arg
GPTZero,fp_1.5_res_1,0.1102477168847981,fp,1.5,res
GPTZero,fp_1.5_res_2,0.4823294033664483,fp,1.5,res
GPTZero,fp_1.5_res_4,0.3292891367087898,fp,1.5,res
GPTZero,fp_1.6_arg_0,0.0717264019582118,fp,1.6,arg
GPTZero,fp_1.5_res_3,0.1742582106455266,fp,1.5,res
GPTZero,fp_1.6_arg_2,0.3521318737012948,fp,1.6,arg
GPTZero,fp_1.6_arg_1,0.054102323960534,fp,1.6,arg
GPTZero,fp_1.6_arg_3,0.0588492637006367,fp,1.6,arg
GPTZero,fp_1.6_arg_4,0.0693547102699546,fp,1.6,arg
GPTZero,fp_1.6_res_0,0.194831013916501,fp,1.6,res
GPTZero,fp_1.6_res_3,0.3516345459245676,fp,1.6,res
GPTZero,fp_1.6_res_1,0.982251886615535,fp,1.6,res
GPTZero,fp_1.6_res_2,0.3516345459245676,fp,1.6,res
GPTZero,fp_1.6_res_4,0.3102146642772715,fp,1.6,res
GPTZero,fp_1.4_arg_3,0.51,fp,1.4,arg
GPTZero,fp_1.7_arg_1,0.0523329240484125,fp,1.7,arg
GPTZero,fp_1.7_arg_2,0.7107552339655768,fp,1.7,arg
GPTZero,fp_1.7_arg_0,0.0273722967067705,fp,1.7,arg
GPTZero,fp_1.7_arg_3,0.1736026429653469,fp,1.7,arg
GPTZero,fp_1.7_arg_4,0.0693547102699546,fp,1.7,arg
GPTZero,fp_1.7_res_2,0.359059454661337,fp,1.7,res
GPTZero,fp_1.7_res_0,0.1681517150156734,fp,1.7,res
GPTZero,fp_1.7_res_1,0.3520387370607289,fp,1.7,res
GPTZero,fp_1.7_res_4,0.3139979159430358,fp,1.7,res
GPTZero,fp_1.8_arg_1,0.2341250605913717,fp,1.8,arg
GPTZero,fp_1.7_res_3,0.4300352763312616,fp,1.7,res
GPTZero,fp_1.8_arg_0,0.194831013916501,fp,1.8,arg
GPTZero,fp_1.8_arg_3,0.1267217630853994,fp,1.8,arg
GPTZero,fp_1.8_arg_2,0.2704626334519573,fp,1.8,arg
GPTZero,fp_1.8_arg_4,0.1692571276148266,fp,1.8,arg
GPTZero,fp_1.8_res_1,0.0581395348837209,fp,1.8,res
GPTZero,fp_1.8_res_0,0.0693547102699546,fp,1.8,res
GPTZero,fp_1.8_res_2,0.0717264019582118,fp,1.8,res
GPTZero,fp_1.8_res_3,0.1456757430081557,fp,1.8,res
GPTZero,fp_1.8_res_4,0.3145331125860661,fp,1.8,res
GPTZero,fp_1.9_arg_0,0.1079687525988678,fp,1.9,arg
GPTZero,fp_1.9_arg_1,0.1694743387033704,fp,1.9,arg
GPTZero,fp_1.9_arg_2,0.087719298245614,fp,1.9,arg
GPTZero,fp_1.9_arg_3,0.1598024021697016,fp,1.9,arg
GPTZero,fp_1.9_res_1,0.2341250605913717,fp,1.9,res
GPTZero,fp_1.9_res_0,0.144927536231884,fp,1.9,res
GPTZero,fp_1.9_arg_4,0.031239388794567,fp,1.9,arg
GPTZero,fp_1.9_res_2,0.1736026429653469,fp,1.9,res
GPTZero,fp_1.9_res_3,0.3516345459245676,fp,1.9,res
GPTZero,fp_1.9_res_4,0.1736026429653469,fp,1.9,res
GPTZero,fp_2.0_arg_0,0.3307943416757345,fp,2.0,arg
GPTZero,fp_2.0_arg_1,0.2281862415139335,fp,2.0,arg
GPTZero,fp_2.0_arg_2,0.194831013916501,fp,2.0,arg
GPTZero,fp_2.0_arg_3,0.7786975207375402,fp,2.0,arg
GPTZero,fp_2.0_res_0,0.2240040663320414,fp,2.0,res
GPTZero,fp_2.0_res_2,0.261188242271255,fp,2.0,res
GPTZero,fp_2.0_res_1,0.3292891367087898,fp,2.0,res
GPTZero,fp_2.0_arg_4,0.2829420970266041,fp,2.0,arg
GPTZero,pp_0.0_arg_0,0.9973955738343496,pp,0.0,arg
GPTZero,fp_2.0_res_3,0.3519943363743142,fp,2.0,res
GPTZero,fp_2.0_res_4,0.054102323960534,fp,2.0,res
GPTZero,pp_0.0_arg_2,0.9977558223168834,pp,0.0,arg
GPTZero,pp_0.0_arg_1,0.9973955738343496,pp,0.0,arg
GPTZero,pp_0.0_arg_4,0.9977558223168834,pp,0.0,arg
GPTZero,pp_0.0_arg_3,0.9977775103937532,pp,0.0,arg
GPTZero,pp_0.0_res_2,0.982932157729323,pp,0.0,res
GPTZero,pp_0.0_res_0,0.9977558223168834,pp,0.0,res
GPTZero,pp_0.0_res_1,0.7635164978386637,pp,0.0,res
GPTZero,pp_0.0_res_4,0.9977558223168834,pp,0.0,res
GPTZero,pp_0.0_res_3,0.9977558223168834,pp,0.0,res
GPTZero,pp_0.1_arg_0,0.8234289035940133,pp,0.1,arg
GPTZero,pp_0.1_arg_1,0.9826080317224812,pp,0.1,arg
GPTZero,pp_0.1_arg_2,0.9973955738343496,pp,0.1,arg
GPTZero,pp_0.1_arg_3,0.982251886615535,pp,0.1,arg
GPTZero,pp_0.1_arg_4,0.9574176604092868,pp,0.1,arg
GPTZero,pp_0.1_res_0,0.9977558223168834,pp,0.1,res
GPTZero,pp_0.1_res_1,0.8223915592028135,pp,0.1,res
GPTZero,pp_0.1_res_2,0.982251886615535,pp,0.1,res
GPTZero,pp_0.1_res_4,0.9977558223168834,pp,0.1,res
GPTZero,pp_0.1_res_3,0.9977775103937532,pp,0.1,res
GPTZero,pp_0.2_arg_0,0.915321344878592,pp,0.2,arg
GPTZero,pp_0.2_arg_2,0.9977558223168834,pp,0.2,arg
GPTZero,pp_0.2_arg_1,0.9109374343376851,pp,0.2,arg
GPTZero,pp_0.2_arg_3,0.9106245014028448,pp,0.2,arg
GPTZero,pp_0.2_arg_4,0.9977558223168834,pp,0.2,arg
GPTZero,pp_0.2_res_0,0.9977558223168834,pp,0.2,res
GPTZero,pp_0.2_res_1,0.915321344878592,pp,0.2,res
GPTZero,pp_0.2_res_2,0.7149289967777173,pp,0.2,res
GPTZero,pp_0.2_res_4,0.9825825322814176,pp,0.2,res
GPTZero,pp_0.3_arg_0,0.9977775103937532,pp,0.3,arg
GPTZero,pp_0.2_res_3,0.9973955738343496,pp,0.2,res
GPTZero,pp_0.3_arg_3,0.915321344878592,pp,0.3,arg
GPTZero,pp_0.3_arg_2,0.9104753354570072,pp,0.3,arg
GPTZero,pp_0.3_arg_1,0.8304728786305682,pp,0.3,arg
GPTZero,pp_0.3_arg_4,0.915630600561598,pp,0.3,arg
GPTZero,pp_0.3_res_0,0.9973955738343496,pp,0.3,res
GPTZero,pp_0.3_res_1,0.9977558223168834,pp,0.3,res
GPTZero,pp_0.3_res_2,0.915321344878592,pp,0.3,res
GPTZero,pp_0.3_res_3,0.9977558223168834,pp,0.3,res
GPTZero,pp_0.3_res_4,0.9977558223168834,pp,0.3,res
GPTZero,pp_0.4_arg_0,0.8307331404026007,pp,0.4,arg
GPTZero,pp_0.4_arg_1,0.7745801259622113,pp,0.4,arg
GPTZero,pp_0.4_arg_2,0.9973955738343496,pp,0.4,arg
GPTZero,pp_0.4_res_1,0.9851100744681244,pp,0.4,res
GPTZero,pp_0.4_arg_4,0.9977558223168834,pp,0.4,arg
GPTZero,pp_0.4_res_0,0.982251886615535,pp,0.4,res
GPTZero,pp_0.4_arg_3,0.9825825322814176,pp,0.4,arg
GPTZero,pp_0.4_res_2,0.982932157729323,pp,0.4,res
GPTZero,pp_0.5_arg_0,0.7698229062327312,pp,0.5,arg
GPTZero,pp_0.4_res_4,0.9971703569068078,pp,0.4,res
GPTZero,pp_0.5_arg_2,0.9807071088338744,pp,0.5,arg
GPTZero,pp_0.5_arg_1,0.9973955738343496,pp,0.5,arg
GPTZero,pp_0.4_res_3,0.9977558223168834,pp,0.4,res
GPTZero,pp_0.5_arg_3,0.9826080317224812,pp,0.5,arg
GPTZero,pp_0.5_arg_4,0.9106245014028448,pp,0.5,arg
GPTZero,pp_0.5_res_1,0.982932157729323,pp,0.5,res
GPTZero,pp_0.5_res_2,0.9977558223168834,pp,0.5,res
GPTZero,pp_0.5_res_0,1.0,pp,0.5,res
GPTZero,pp_0.5_res_3,0.9977558223168834,pp,0.5,res
GPTZero,pp_0.5_res_4,0.9977558223168834,pp,0.5,res
GPTZero,pp_0.6_arg_0,0.7727242480039814,pp,0.6,arg
GPTZero,pp_0.6_arg_1,0.9825825322814176,pp,0.6,arg
GPTZero,pp_0.6_arg_2,0.9973955738343496,pp,0.6,arg
GPTZero,pp_0.6_arg_3,0.982251886615535,pp,0.6,arg
GPTZero,pp_0.6_arg_4,0.982251886615535,pp,0.6,arg
GPTZero,pp_0.6_res_0,0.9977558223168834,pp,0.6,res
GPTZero,pp_0.6_res_2,0.8680284676388803,pp,0.6,res
GPTZero,pp_0.6_res_1,1.0,pp,0.6,res
GPTZero,pp_0.6_res_3,0.9977558223168834,pp,0.6,res
GPTZero,pp_0.6_res_4,0.9977558223168834,pp,0.6,res
GPTZero,pp_0.7_arg_0,0.8223915592028135,pp,0.7,arg
GPTZero,pp_0.7_arg_1,0.9977558223168834,pp,0.7,arg
GPTZero,pp_0.7_arg_2,0.9973955738343496,pp,0.7,arg
GPTZero,pp_0.7_arg_3,0.915173930512831,pp,0.7,arg
GPTZero,pp_0.7_arg_4,0.9977558223168834,pp,0.7,arg
GPTZero,pp_0.7_res_2,0.915321344878592,pp,0.7,res
GPTZero,pp_0.7_res_0,0.9977558223168834,pp,0.7,res
GPTZero,pp_0.7_res_3,0.9977558223168834,pp,0.7,res
GPTZero,pp_0.7_res_1,0.982932157729323,pp,0.7,res
GPTZero,pp_0.7_res_4,0.9092670190856504,pp,0.7,res
GPTZero,pp_0.8_arg_0,0.9826080317224812,pp,0.8,arg
GPTZero,pp_0.8_arg_2,0.9971703569068078,pp,0.8,arg
GPTZero,pp_0.8_arg_1,0.9977558223168834,pp,0.8,arg
GPTZero,pp_0.8_arg_4,0.982932157729323,pp,0.8,arg
GPTZero,pp_0.8_res_0,0.982932157729323,pp,0.8,res
GPTZero,pp_0.8_arg_3,0.9973955738343496,pp,0.8,arg
GPTZero,pp_0.8_res_1,0.9977775103937532,pp,0.8,res
GPTZero,pp_0.8_res_2,0.4200164068908942,pp,0.8,res
GPTZero,pp_0.8_res_3,0.982932157729323,pp,0.8,res
GPTZero,pp_0.9_arg_0,0.9977558223168834,pp,0.9,arg
GPTZero,pp_0.9_arg_1,0.850026591361927,pp,0.9,arg
GPTZero,pp_0.8_res_4,0.9825825322814176,pp,0.8,res
GPTZero,pp_0.9_arg_2,0.9973955738343496,pp,0.9,arg
GPTZero,pp_0.9_arg_3,0.982932157729323,pp,0.9,arg
GPTZero,pp_0.9_arg_4,0.982251886615535,pp,0.9,arg
GPTZero,pp_0.9_res_0,0.9977775103937532,pp,0.9,res
GPTZero,pp_0.9_res_1,0.9826080317224812,pp,0.9,res
GPTZero,pp_0.9_res_2,0.9973955738343496,pp,0.9,res
GPTZero,pp_0.9_res_3,0.9092670190856504,pp,0.9,res
GPTZero,pp_0.9_res_4,0.9977558223168834,pp,0.9,res
GPTZero,pp_1.0_arg_0,0.9977558223168834,pp,1.0,arg
GPTZero,pp_1.0_arg_1,0.9175567925379872,pp,1.0,arg
GPTZero,pp_1.0_arg_2,0.982251886615535,pp,1.0,arg
GPTZero,pp_1.0_arg_3,0.7226982044765106,pp,1.0,arg
GPTZero,pp_1.0_arg_4,0.9106245014028448,pp,1.0,arg
GPTZero,pp_1.0_res_1,0.9806254973114604,pp,1.0,res
GPTZero,pp_1.0_res_0,0.9092670190856504,pp,1.0,res
GPTZero,pp_1.0_res_2,0.9825825322814176,pp,1.0,res
GPTZero,pp_1.0_res_4,0.9122259726882967,pp,1.0,res
GPTZero,pp_1.0_res_3,0.9825825322814176,pp,1.0,res
GPTZero,pp_1.1_arg_0,0.7530288663542516,pp,1.1,arg
GPTZero,pp_1.1_arg_2,0.890625,pp,1.1,arg
GPTZero,pp_1.1_arg_1,0.982932157729323,pp,1.1,arg
GPTZero,pp_1.1_arg_3,0.9977558223168834,pp,1.1,arg
GPTZero,pp_1.1_arg_4,0.9977558223168834,pp,1.1,arg
GPTZero,pp_1.1_res_0,0.9977558223168834,pp,1.1,res
GPTZero,pp_1.1_res_1,0.9977558223168834,pp,1.1,res
GPTZero,pp_1.1_res_2,0.9825825322814176,pp,1.1,res
GPTZero,pp_1.1_res_3,0.9977558223168834,pp,1.1,res
GPTZero,pp_1.1_res_4,0.9977558223168834,pp,1.1,res
GPTZero,pp_1.2_arg_0,0.9977558223168834,pp,1.2,arg
GPTZero,pp_1.2_arg_1,0.9104753354570072,pp,1.2,arg
GPTZero,pp_1.2_arg_3,0.982932157729323,pp,1.2,arg
GPTZero,pp_1.2_arg_2,0.9973955738343496,pp,1.2,arg
GPTZero,pp_1.2_arg_4,0.9106245014028448,pp,1.2,arg
GPTZero,pp_1.2_res_1,0.7845924722447875,pp,1.2,res
GPTZero,pp_1.2_res_0,0.982932157729323,pp,1.2,res
GPTZero,pp_1.2_res_2,1.0,pp,1.2,res
GPTZero,pp_1.2_res_3,0.9977558223168834,pp,1.2,res
GPTZero,pp_1.2_res_4,0.9977558223168834,pp,1.2,res
GPTZero,pp_1.3_arg_0,0.982251886615535,pp,1.3,arg
GPTZero,pp_1.3_arg_1,1.0,pp,1.3,arg
GPTZero,pp_1.3_arg_3,0.7756323535440496,pp,1.3,arg
GPTZero,pp_1.3_arg_2,0.9973955738343496,pp,1.3,arg
GPTZero,pp_1.3_arg_4,0.9977558223168834,pp,1.3,arg
GPTZero,pp_1.3_res_0,0.9432387312186978,pp,1.3,res
GPTZero,pp_1.3_res_1,0.9977558223168834,pp,1.3,res
GPTZero,pp_1.3_res_2,0.9977558223168834,pp,1.3,res
GPTZero,pp_1.3_res_3,1.0,pp,1.3,res
GPTZero,pp_1.4_arg_0,0.9092670190856504,pp,1.4,arg
GPTZero,pp_1.3_res_4,0.9977558223168834,pp,1.3,res
GPTZero,pp_1.4_arg_1,0.9977558223168834,pp,1.4,arg
GPTZero,pp_1.4_arg_2,0.929429835815492,pp,1.4,arg
GPTZero,pp_1.4_arg_3,0.7727242480039814,pp,1.4,arg
GPTZero,pp_1.4_res_1,1.0,pp,1.4,res
GPTZero,pp_1.4_res_0,0.8235569534490451,pp,1.4,res
GPTZero,pp_1.4_arg_4,0.9977558223168834,pp,1.4,arg
GPTZero,pp_1.4_res_3,0.9977558223168834,pp,1.4,res
GPTZero,pp_1.4_res_2,0.9977558223168834,pp,1.4,res
GPTZero,pp_1.4_res_4,0.9977558223168834,pp,1.4,res
GPTZero,pp_1.5_arg_1,0.8293436980152958,pp,1.5,arg
GPTZero,pp_1.5_arg_2,0.9977558223168834,pp,1.5,arg
GPTZero,pp_1.5_arg_0,0.9106245014028448,pp,1.5,arg
GPTZero,pp_1.5_arg_3,0.9977558223168834,pp,1.5,arg
GPTZero,pp_1.5_res_0,0.982251886615535,pp,1.5,res
GPTZero,pp_1.5_arg_4,0.982251886615535,pp,1.5,arg
GPTZero,pp_1.5_res_2,0.982251886615535,pp,1.5,res
GPTZero,pp_1.5_res_3,0.9825825322814176,pp,1.5,res
GPTZero,pp_1.5_res_4,0.915173930512831,pp,1.5,res
GPTZero,pp_1.5_res_1,0.982251886615535,pp,1.5,res
GPTZero,pp_1.6_arg_0,0.8304728786305682,pp,1.6,arg
GPTZero,pp_1.6_arg_1,0.9117773831485664,pp,1.6,arg
GPTZero,pp_1.6_arg_3,0.9977558223168834,pp,1.6,arg
GPTZero,pp_1.6_arg_2,0.9973955738343496,pp,1.6,arg
GPTZero,pp_1.6_arg_4,0.9977558223168834,pp,1.6,arg
GPTZero,pp_1.6_res_0,0.9977558223168834,pp,1.6,res
GPTZero,pp_1.6_res_2,0.982932157729323,pp,1.6,res
GPTZero,pp_1.6_res_3,0.9825825322814176,pp,1.6,res
GPTZero,pp_1.6_res_1,0.982932157729323,pp,1.6,res
GPTZero,pp_1.6_res_4,0.9973955738343496,pp,1.6,res
GPTZero,pp_1.7_arg_0,0.7236238825849749,pp,1.7,arg
GPTZero,pp_1.7_arg_1,0.9977558223168834,pp,1.7,arg
GPTZero,pp_1.7_arg_2,0.915321344878592,pp,1.7,arg
GPTZero,pp_1.7_arg_3,0.890625,pp,1.7,arg
GPTZero,pp_1.7_res_0,0.9973955738343496,pp,1.7,res
GPTZero,pp_1.7_arg_4,0.915173930512831,pp,1.7,arg
GPTZero,pp_1.7_res_2,0.7845924722447875,pp,1.7,res
GPTZero,pp_1.7_res_3,0.9977558223168834,pp,1.7,res
GPTZero,pp_1.7_res_1,0.9851100744681244,pp,1.7,res
GPTZero,pp_1.7_res_4,0.9973955738343496,pp,1.7,res
GPTZero,pp_1.8_arg_2,0.9973955738343496,pp,1.8,arg
GPTZero,pp_1.8_arg_3,0.9973955738343496,pp,1.8,arg
GPTZero,pp_1.8_arg_1,0.717084025448961,pp,1.8,arg
GPTZero,pp_1.8_arg_0,0.8234289035940133,pp,1.8,arg
GPTZero,pp_1.8_arg_4,0.915321344878592,pp,1.8,arg
GPTZero,pp_1.8_res_0,0.9122259726882967,pp,1.8,res
GPTZero,pp_1.8_res_3,0.9825825322814176,pp,1.8,res
GPTZero,pp_1.8_res_2,0.9092670190856504,pp,1.8,res
GPTZero,pp_1.8_res_4,0.9977558223168834,pp,1.8,res
GPTZero,pp_1.8_res_1,0.915321344878592,pp,1.8,res
GPTZero,pp_1.9_arg_0,0.783497455101664,pp,1.9,arg
GPTZero,pp_1.9_arg_2,0.828841068439312,pp,1.9,arg
GPTZero,pp_1.9_arg_4,0.8235569534490451,pp,1.9,arg
GPTZero,pp_1.9_arg_3,0.8234289035940133,pp,1.9,arg
GPTZero,pp_1.9_arg_1,0.9973955738343496,pp,1.9,arg
GPTZero,pp_1.9_res_1,0.9106245014028448,pp,1.9,res
GPTZero,pp_1.9_res_0,0.9092670190856504,pp,1.9,res
GPTZero,pp_1.9_res_2,0.9977558223168834,pp,1.9,res
GPTZero,pp_1.9_res_4,0.9977558223168834,pp,1.9,res
GPTZero,pp_1.9_res_3,0.8223915592028135,pp,1.9,res
GPTZero,pp_2.0_arg_1,0.982251886615535,pp,2.0,arg
GPTZero,pp_2.0_arg_0,0.9977558223168834,pp,2.0,arg
GPTZero,pp_2.0_arg_2,0.9820821274401206,pp,2.0,arg
GPTZero,pp_2.0_arg_4,0.9826080317224812,pp,2.0,arg
GPTZero,pp_2.0_arg_3,0.7236238825849749,pp,2.0,arg
GPTZero,pp_2.0_res_0,0.9973955738343496,pp,2.0,res
GPTZero,pp_2.0_res_1,1.0,pp,2.0,res
GPTZero,pp_2.0_res_3,0.982932157729323,pp,2.0,res
GPTZero,pp_2.0_res_4,0.9973955738343496,pp,2.0,res
GPTZero,pp_2.0_res_2,1.0,pp,2.0,res
Radar,fp_0.0_res_2,0.9344921708106996,fp,0.0,res
Radar,fp_0.0_res_0,0.8828668594360352,fp,0.0,res
Radar,fp_0.0_res_1,0.9777290225028992,fp,0.0,res
Radar,fp_0.0_res_3,0.9648591876029968,fp,0.0,res
Radar,fp_0.0_arg_4,0.9741503596305848,fp,0.0,arg
Radar,fp_0.0_res_4,0.9234949946403505,fp,0.0,res
Radar,fp_0.0_arg_3,0.9515373706817628,fp,0.0,arg
Radar,fp_0.0_arg_2,0.9908820986747742,fp,0.0,arg
Radar,fp_0.0_arg_1,0.9871649742126464,fp,0.0,arg
Radar,fp_0.0_arg_0,0.9901301264762878,fp,0.0,arg
Radar,fp_0.1_arg_0,0.9922484755516052,fp,0.1,arg
Radar,fp_0.1_arg_2,0.967872440814972,fp,0.1,arg
Radar,fp_0.1_arg_1,0.9840608239173888,fp,0.1,arg
Radar,fp_0.1_res_1,0.978895664215088,fp,0.1,res
Radar,fp_0.1_arg_3,0.9628331661224364,fp,0.1,arg
Radar,fp_0.1_res_0,0.9873697757720948,fp,0.1,res
Radar,fp_0.1_arg_4,0.9939785003662108,fp,0.1,arg
Radar,fp_0.1_res_2,0.988801121711731,fp,0.1,res
Radar,fp_0.1_res_4,0.8921371698379517,fp,0.1,res
Radar,fp_0.1_res_3,0.9123324751853944,fp,0.1,res
Radar,fp_0.2_arg_0,0.9782103896141052,fp,0.2,arg
Radar,fp_0.2_arg_1,0.9899464845657348,fp,0.2,arg
Radar,fp_0.2_arg_2,0.9099240899086,fp,0.2,arg
Radar,fp_0.2_arg_3,0.947490394115448,fp,0.2,arg
Radar,fp_0.2_res_0,0.9553155899047852,fp,0.2,res
Radar,fp_0.2_arg_4,0.9926700592041016,fp,0.2,arg
Radar,fp_0.2_res_2,0.9899190068244934,fp,0.2,res
Radar,fp_0.2_res_1,0.9800326824188232,fp,0.2,res
Radar,fp_0.2_res_3,0.980504274368286,fp,0.2,res
Radar,fp_0.2_res_4,0.7481095194816589,fp,0.2,res
Radar,fp_0.3_arg_0,0.9895985722541808,fp,0.3,arg
Radar,fp_0.3_arg_1,0.9843502044677734,fp,0.3,arg
Radar,fp_0.3_arg_2,0.8882277607917786,fp,0.3,arg
Radar,fp_0.3_arg_4,0.9106553792953492,fp,0.3,arg
Radar,fp_0.3_arg_3,0.9774504899978638,fp,0.3,arg
Radar,fp_0.3_res_2,0.9880090951919556,fp,0.3,res
Radar,fp_0.3_res_1,0.9693191051483154,fp,0.3,res
Radar,fp_0.3_res_0,0.8957521915435791,fp,0.3,res
Radar,fp_0.3_res_4,0.7573242783546448,fp,0.3,res
Radar,fp_0.3_res_3,0.9689877033233644,fp,0.3,res
Radar,fp_0.4_arg_0,0.9900487661361694,fp,0.4,arg
Radar,fp_0.4_arg_1,0.981331467628479,fp,0.4,arg
Radar,fp_0.4_arg_2,0.9730093479156494,fp,0.4,arg
Radar,fp_0.4_arg_4,0.9929484128952026,fp,0.4,arg
Radar,fp_0.4_arg_3,0.9151099920272828,fp,0.4,arg
Radar,fp_0.4_res_0,0.8805678486824036,fp,0.4,res
Radar,fp_0.4_res_1,0.9757524132728576,fp,0.4,res
Radar,fp_0.4_res_2,0.9711244106292723,fp,0.4,res
Radar,fp_0.4_res_3,0.9276773929595948,fp,0.4,res
Radar,fp_0.4_res_4,0.8298740386962891,fp,0.4,res
Radar,fp_0.5_arg_0,0.9871602058410645,fp,0.5,arg
Radar,fp_0.5_arg_1,0.9902089834213256,fp,0.5,arg
Radar,fp_0.5_arg_2,0.8273540735244751,fp,0.5,arg
Radar,fp_0.5_arg_3,0.982738196849823,fp,0.5,arg
Radar,fp_0.5_res_0,0.8751608729362488,fp,0.5,res
Radar,fp_0.5_arg_4,0.9902819991111756,fp,0.5,arg
Radar,fp_0.5_res_1,0.9822560548782348,fp,0.5,res
Radar,fp_0.5_res_3,0.9542003870010376,fp,0.5,res
Radar,fp_0.5_res_2,0.9445973634719848,fp,0.5,res
Radar,fp_0.5_res_4,0.8270231485366821,fp,0.5,res
Radar,fp_0.6_arg_0,0.985992193222046,fp,0.6,arg
Radar,fp_0.6_arg_2,0.9850297570228576,fp,0.6,arg
Radar,fp_0.6_arg_1,0.8980693221092224,fp,0.6,arg
Radar,fp_0.6_arg_3,0.984499454498291,fp,0.6,arg
Radar,fp_0.6_res_0,0.6746736764907837,fp,0.6,res
Radar,fp_0.6_arg_4,0.9898767471313475,fp,0.6,arg
Radar,fp_0.6_res_1,0.9704068303108216,fp,0.6,res
Radar,fp_0.6_res_3,0.9751423001289368,fp,0.6,res
Radar,fp_0.6_res_2,0.9867002964019777,fp,0.6,res
Radar,fp_0.6_res_4,0.6354115009307861,fp,0.6,res
Radar,fp_0.7_arg_1,0.9714986681938172,fp,0.7,arg
Radar,fp_0.7_arg_0,0.9712406396865844,fp,0.7,arg
Radar,fp_0.7_arg_2,0.9528762698173524,fp,0.7,arg
Radar,fp_0.7_arg_3,0.9640461802482604,fp,0.7,arg
Radar,fp_0.7_arg_4,0.9716621041297911,fp,0.7,arg
Radar,fp_0.7_res_0,0.9126065969467164,fp,0.7,res
Radar,fp_0.7_res_1,0.9724817872047424,fp,0.7,res
Radar,fp_0.7_res_2,0.9793482422828674,fp,0.7,res
Radar,fp_0.7_res_3,0.9692801833152772,fp,0.7,res
Radar,fp_0.7_res_4,0.8861992955207825,fp,0.7,res
Radar,fp_0.8_arg_0,0.9865260720252992,fp,0.8,arg
Radar,fp_0.8_arg_1,0.9866874814033508,fp,0.8,arg
Radar,fp_0.8_arg_2,0.9222924709320068,fp,0.8,arg
Radar,fp_0.8_arg_3,0.97224223613739,fp,0.8,arg
Radar,fp_0.8_arg_4,0.9854846596717834,fp,0.8,arg
Radar,fp_0.8_res_2,0.9070148468017578,fp,0.8,res
Radar,fp_0.8_res_0,0.9518134593963624,fp,0.8,res
Radar,fp_0.8_res_1,0.6981885433197021,fp,0.8,res
Radar,fp_0.8_res_3,0.9592941403388976,fp,0.8,res
Radar,fp_0.8_res_4,0.9271620512008668,fp,0.8,res
Radar,fp_0.9_arg_0,0.9517720937728882,fp,0.9,arg
Radar,fp_0.9_arg_1,0.9238497018814088,fp,0.9,arg
Radar,fp_0.9_arg_2,0.32256680727005,fp,0.9,arg
Radar,fp_0.9_arg_3,0.7322916984558105,fp,0.9,arg
Radar,fp_0.9_arg_4,0.9788014888763428,fp,0.9,arg
Radar,fp_0.9_res_0,0.7802911996841431,fp,0.9,res
Radar,fp_0.9_res_1,0.975283980369568,fp,0.9,res
Radar,fp_0.9_res_2,0.9398756623268129,fp,0.9,res
Radar,fp_0.9_res_3,0.8032929301261902,fp,0.9,res
Radar,fp_0.9_res_4,0.8882927298545837,fp,0.9,res
Radar,fp_1.0_arg_0,0.984393298625946,fp,1.0,arg
Radar,fp_1.0_arg_1,0.5352952480316162,fp,1.0,arg
Radar,fp_1.0_arg_2,0.9200944304466248,fp,1.0,arg
Radar,fp_1.0_arg_3,0.9406977891921996,fp,1.0,arg
Radar,fp_1.0_res_0,0.9574190378189088,fp,1.0,res
Radar,fp_1.0_arg_4,0.9273613691329956,fp,1.0,arg
Radar,fp_1.0_res_1,0.8748998641967773,fp,1.0,res
Radar,fp_1.0_res_2,0.9275726675987244,fp,1.0,res
Radar,fp_1.0_res_3,0.9472434520721436,fp,1.0,res
Radar,fp_1.1_arg_0,0.7217601537704468,fp,1.1,arg
Radar,fp_1.0_res_4,0.7400146722793579,fp,1.0,res
Radar,fp_1.1_arg_1,0.9386746287345886,fp,1.1,arg
Radar,fp_1.1_arg_2,0.5767326951026917,fp,1.1,arg
Radar,fp_1.1_arg_3,0.9732439517974854,fp,1.1,arg
Radar,fp_1.1_arg_4,0.4282798171043396,fp,1.1,arg
Radar,fp_1.1_res_1,0.776214063167572,fp,1.1,res
Radar,fp_1.1_res_0,0.916354238986969,fp,1.1,res
Radar,fp_1.1_res_2,0.5316391587257385,fp,1.1,res
Radar,fp_1.1_res_3,0.932884156703949,fp,1.1,res
Radar,fp_1.1_res_4,0.8746860027313232,fp,1.1,res
Radar,fp_1.2_arg_0,0.8120226860046387,fp,1.2,arg
Radar,fp_1.2_arg_1,0.8885828852653503,fp,1.2,arg
Radar,fp_1.2_arg_2,0.5887355208396912,fp,1.2,arg
Radar,fp_1.2_arg_3,0.5394158363342285,fp,1.2,arg
Radar,fp_1.2_res_0,0.6258459091186523,fp,1.2,res
Radar,fp_1.2_arg_4,0.973391056060791,fp,1.2,arg
Radar,fp_1.2_res_1,0.9572384357452391,fp,1.2,res
Radar,fp_1.2_res_2,0.7584285736083984,fp,1.2,res
Radar,fp_1.2_res_3,0.8425782918930054,fp,1.2,res
Radar,fp_1.2_res_4,0.7550085186958313,fp,1.2,res
Radar,fp_1.3_arg_1,0.2051195502281189,fp,1.3,arg
Radar,fp_1.3_arg_0,0.9844194054603576,fp,1.3,arg
Radar,fp_1.3_arg_2,0.4861831367015838,fp,1.3,arg
Radar,fp_1.3_arg_4,0.7964615225791931,fp,1.3,arg
Radar,fp_1.3_res_0,0.8743337392807007,fp,1.3,res
Radar,fp_1.3_arg_3,0.9747333526611328,fp,1.3,arg
Radar,fp_1.3_res_1,0.8879804015159607,fp,1.3,res
Radar,fp_1.3_res_2,0.7813030481338501,fp,1.3,res
Radar,fp_1.3_res_3,0.9623980522155762,fp,1.3,res
Radar,fp_1.3_res_4,0.5433126091957092,fp,1.3,res
Radar,fp_1.4_arg_0,0.8095348477363586,fp,1.4,arg
Radar,fp_1.4_arg_1,0.8886570930480957,fp,1.4,arg
Radar,fp_1.4_arg_2,0.7751703262329102,fp,1.4,arg
Radar,fp_1.4_arg_3,0.9146345257759094,fp,1.4,arg
Radar,fp_1.4_res_0,0.3292304873466491,fp,1.4,res
Radar,fp_1.4_arg_4,0.9456688165664672,fp,1.4,arg
Radar,fp_1.4_res_1,0.7703608870506287,fp,1.4,res
Radar,fp_1.4_res_2,0.5990849137306213,fp,1.4,res
Radar,fp_1.4_res_3,0.3180869221687317,fp,1.4,res
Radar,fp_1.4_res_4,0.7386175394058228,fp,1.4,res
Radar,fp_1.5_arg_0,0.3711973428726196,fp,1.5,arg
Radar,fp_1.5_arg_1,0.2477399706840515,fp,1.5,arg
Radar,fp_1.5_arg_2,0.7810390591621399,fp,1.5,arg
Radar,fp_1.5_arg_3,0.719233512878418,fp,1.5,arg
Radar,fp_1.5_arg_4,0.681830108165741,fp,1.5,arg
Radar,fp_1.5_res_0,0.46415975689888,fp,1.5,res
Radar,fp_1.5_res_1,0.2293876409530639,fp,1.5,res
Radar,fp_1.5_res_2,0.6249708533287048,fp,1.5,res
Radar,fp_1.5_res_3,0.1301971673965454,fp,1.5,res
Radar,fp_1.5_res_4,0.476032942533493,fp,1.5,res
Radar,fp_1.6_arg_0,0.8279545307159424,fp,1.6,arg
Radar,fp_1.6_arg_1,0.1066157594323158,fp,1.6,arg
Radar,fp_1.6_arg_2,0.8950726389884949,fp,1.6,arg
Radar,fp_1.6_arg_3,0.8759742379188538,fp,1.6,arg
Radar,fp_1.6_arg_4,0.1797941923141479,fp,1.6,arg
Radar,fp_1.6_res_0,0.1084632873535156,fp,1.6,res
Radar,fp_1.6_res_1,0.9842987060546876,fp,1.6,res
Radar,fp_1.6_res_2,0.3674681484699249,fp,1.6,res
Radar,fp_1.6_res_3,0.6952211260795593,fp,1.6,res
Radar,fp_1.6_res_4,0.7828065156936646,fp,1.6,res
Radar,fp_1.7_arg_0,0.0777194201946258,fp,1.7,arg
Radar,fp_1.7_arg_2,0.1045885011553764,fp,1.7,arg
Radar,fp_1.7_arg_1,0.456159383058548,fp,1.7,arg
Radar,fp_1.7_arg_3,0.3732350468635559,fp,1.7,arg
Radar,fp_1.7_arg_4,0.3741373121738434,fp,1.7,arg
Radar,fp_1.7_res_0,0.1343124806880951,fp,1.7,res
Radar,fp_1.7_res_1,0.4216397404670715,fp,1.7,res
Radar,fp_1.7_res_2,0.6184552907943726,fp,1.7,res
Radar,fp_1.7_res_3,0.6635363101959229,fp,1.7,res
Radar,fp_1.7_res_4,0.2169262021780014,fp,1.7,res
Radar,fp_1.8_arg_0,0.8375005125999451,fp,1.8,arg
Radar,fp_1.8_arg_1,0.055217444896698,fp,1.8,arg
Radar,fp_1.8_arg_2,0.2841555774211883,fp,1.8,arg
Radar,fp_1.8_arg_3,0.1108410730957984,fp,1.8,arg
Radar,fp_1.8_arg_4,0.9678192138671876,fp,1.8,arg
Radar,fp_1.8_res_0,0.0464762859046459,fp,1.8,res
Radar,fp_1.8_res_1,0.1733961701393127,fp,1.8,res
Radar,fp_1.8_res_2,0.9191610813140868,fp,1.8,res
Radar,fp_1.8_res_3,0.5856390595436096,fp,1.8,res
Radar,fp_1.8_res_4,0.5977796316146851,fp,1.8,res
Radar,fp_1.9_arg_0,0.4611822068691253,fp,1.9,arg
Radar,fp_1.9_arg_1,0.9235361218452454,fp,1.9,arg
Radar,fp_1.9_arg_2,0.7804843187332153,fp,1.9,arg
Radar,fp_1.9_arg_3,0.9545472860336304,fp,1.9,arg
Radar,fp_1.9_arg_4,0.086154781281948,fp,1.9,arg
Radar,fp_1.9_res_0,0.0823016911745071,fp,1.9,res
Radar,fp_1.9_res_1,0.7753799557685852,fp,1.9,res
Radar,fp_1.9_res_2,0.8424100279808044,fp,1.9,res
Radar,fp_1.9_res_3,0.0456064827740192,fp,1.9,res
Radar,fp_1.9_res_4,0.7178162336349487,fp,1.9,res
Radar,fp_2.0_arg_0,0.1883217543363571,fp,2.0,arg
Radar,fp_2.0_arg_1,0.1106188520789146,fp,2.0,arg
Radar,fp_2.0_arg_2,0.1159528866410255,fp,2.0,arg
Radar,fp_2.0_arg_3,0.9001025557518005,fp,2.0,arg
Radar,fp_2.0_arg_4,0.3138332068920135,fp,2.0,arg
Radar,fp_2.0_res_0,0.4700400233268738,fp,2.0,res
Radar,fp_2.0_res_1,0.8822346329689026,fp,2.0,res
Radar,fp_2.0_res_4,0.4395197629928589,fp,2.0,res
Radar,fp_2.0_res_2,0.1301782578229904,fp,2.0,res
Radar,fp_2.0_res_3,0.9361401796340942,fp,2.0,res
Radar,pp_0.0_arg_0,0.9897056221961976,pp,0.0,arg
Radar,pp_0.0_arg_1,0.986518919467926,pp,0.0,arg
Radar,pp_0.0_arg_2,0.9321039319038392,pp,0.0,arg
Radar,pp_0.0_arg_3,0.986266553401947,pp,0.0,arg
Radar,pp_0.0_arg_4,0.9857898354530334,pp,0.0,arg
Radar,pp_0.0_res_0,0.9698939323425292,pp,0.0,res
Radar,pp_0.0_res_1,0.9778927564620972,pp,0.0,res
Radar,pp_0.0_res_2,0.990567147731781,pp,0.0,res
Radar,pp_0.0_res_3,0.9819662570953368,pp,0.0,res
Radar,pp_0.0_res_4,0.9737594723701476,pp,0.0,res
Radar,pp_0.1_arg_0,0.9935573935508728,pp,0.1,arg
Radar,pp_0.1_arg_1,0.9912598729133606,pp,0.1,arg
Radar,pp_0.1_arg_2,0.9195879697799684,pp,0.1,arg
Radar,pp_0.1_arg_3,0.9927567839622498,pp,0.1,arg
Radar,pp_0.1_arg_4,0.9890013933181764,pp,0.1,arg
Radar,pp_0.1_res_0,0.9628205895423888,pp,0.1,res
Radar,pp_0.1_res_1,0.97579163312912,pp,0.1,res
Radar,pp_0.1_res_2,0.9882718920707704,pp,0.1,res
Radar,pp_0.1_res_4,0.9803029298782348,pp,0.1,res
Radar,pp_0.1_res_3,0.9799801111221312,pp,0.1,res
Radar,pp_0.2_arg_0,0.9906185865402222,pp,0.2,arg
Radar,pp_0.2_arg_1,0.9931013584136964,pp,0.2,arg
Radar,pp_0.2_arg_3,0.9851135015487672,pp,0.2,arg
Radar,pp_0.2_arg_2,0.9814498424530028,pp,0.2,arg
Radar,pp_0.2_arg_4,0.9899640679359436,pp,0.2,arg
Radar,pp_0.2_res_0,0.9691956043243408,pp,0.2,res
Radar,pp_0.2_res_1,0.937575101852417,pp,0.2,res
Radar,pp_0.2_res_2,0.988724648952484,pp,0.2,res
Radar,pp_0.2_res_3,0.9858826398849488,pp,0.2,res
Radar,pp_0.2_res_4,0.9571713209152222,pp,0.2,res
Radar,pp_0.3_arg_0,0.9927309155464172,pp,0.3,arg
Radar,pp_0.3_arg_2,0.9487529397010804,pp,0.3,arg
Radar,pp_0.3_arg_1,0.9676703214645386,pp,0.3,arg
Radar,pp_0.3_arg_3,0.9861029982566832,pp,0.3,arg
Radar,pp_0.3_arg_4,0.9903878569602966,pp,0.3,arg
Radar,pp_0.3_res_0,0.9575574398040771,pp,0.3,res
Radar,pp_0.3_res_1,0.9742575287818908,pp,0.3,res
Radar,pp_0.3_res_2,0.968400537967682,pp,0.3,res
Radar,pp_0.3_res_4,0.8576421141624451,pp,0.3,res
Radar,pp_0.4_arg_0,0.9884129166603088,pp,0.4,arg
Radar,pp_0.3_res_3,0.9794883131980896,pp,0.3,res
Radar,pp_0.4_arg_1,0.9936383366584778,pp,0.4,arg
Radar,pp_0.4_arg_2,0.9613978266716005,pp,0.4,arg
Radar,pp_0.4_arg_3,0.9779736399650574,pp,0.4,arg
Radar,pp_0.4_arg_4,0.9702699780464172,pp,0.4,arg
Radar,pp_0.4_res_1,0.964525818824768,pp,0.4,res
Radar,pp_0.4_res_2,0.986788809299469,pp,0.4,res
Radar,pp_0.4_res_0,0.9031772613525392,pp,0.4,res
Radar,pp_0.4_res_4,0.920986831188202,pp,0.4,res
Radar,pp_0.5_arg_0,0.9847197532653807,pp,0.5,arg
Radar,pp_0.4_res_3,0.9888941049575806,pp,0.4,res
Radar,pp_0.5_arg_2,0.9498188495635986,pp,0.5,arg
Radar,pp_0.5_arg_1,0.9831530451774596,pp,0.5,arg
Radar,pp_0.5_arg_3,0.9753037095069884,pp,0.5,arg
Radar,pp_0.5_arg_4,0.972351610660553,pp,0.5,arg
Radar,pp_0.5_res_1,0.9783200025558472,pp,0.5,res
Radar,pp_0.5_res_2,0.979923665523529,pp,0.5,res
Radar,pp_0.5_res_0,0.9464146494865416,pp,0.5,res
Radar,pp_0.5_res_3,0.9855759143829346,pp,0.5,res
Radar,pp_0.5_res_4,0.9732006192207336,pp,0.5,res
Radar,pp_0.6_arg_0,0.9912005066871644,pp,0.6,arg
Radar,pp_0.6_arg_1,0.981106698513031,pp,0.6,arg
Radar,pp_0.6_arg_2,0.9679577350616456,pp,0.6,arg
Radar,pp_0.6_arg_3,0.9334644675254822,pp,0.6,arg
Radar,pp_0.6_arg_4,0.9814550280570984,pp,0.6,arg
Radar,pp_0.6_res_0,0.9589363932609558,pp,0.6,res
Radar,pp_0.6_res_1,0.9483634233474731,pp,0.6,res
Radar,pp_0.6_res_2,0.9817304015159608,pp,0.6,res
Radar,pp_0.6_res_3,0.9880103468894958,pp,0.6,res
Radar,pp_0.6_res_4,0.8823525905609131,pp,0.6,res
Radar,pp_0.7_arg_1,0.984516143798828,pp,0.7,arg
Radar,pp_0.7_arg_0,0.9931309819221495,pp,0.7,arg
Radar,pp_0.7_arg_2,0.9668701887130736,pp,0.7,arg
Radar,pp_0.7_res_0,0.9520639777183532,pp,0.7,res
Radar,pp_0.7_arg_4,0.9926832914352416,pp,0.7,arg
Radar,pp_0.7_arg_3,0.9889590740203856,pp,0.7,arg
Radar,pp_0.7_res_1,0.9363821744918824,pp,0.7,res
Radar,pp_0.7_res_2,0.9871892929077148,pp,0.7,res
Radar,pp_0.7_res_3,0.9677947163581848,pp,0.7,res
Radar,pp_0.7_res_4,0.92106294631958,pp,0.7,res
Radar,pp_0.8_arg_1,0.9770219326019288,pp,0.8,arg
Radar,pp_0.8_arg_0,0.9809629321098328,pp,0.8,arg
Radar,pp_0.8_arg_2,0.9719908833503724,pp,0.8,arg
Radar,pp_0.8_arg_3,0.9801813364028932,pp,0.8,arg
Radar,pp_0.8_arg_4,0.9884809851646424,pp,0.8,arg
Radar,pp_0.8_res_0,0.9765304923057556,pp,0.8,res
Radar,pp_0.8_res_2,0.978939652442932,pp,0.8,res
Radar,pp_0.8_res_1,0.9644569754600524,pp,0.8,res
Radar,pp_0.8_res_3,0.988551139831543,pp,0.8,res
Radar,pp_0.8_res_4,0.9821838140487672,pp,0.8,res
Radar,pp_0.9_arg_2,0.971592903137207,pp,0.9,arg
Radar,pp_0.9_arg_0,0.9873210191726683,pp,0.9,arg
Radar,pp_0.9_arg_1,0.971835732460022,pp,0.9,arg
Radar,pp_0.9_arg_3,0.9834787845611572,pp,0.9,arg
Radar,pp_0.9_arg_4,0.9692800045013428,pp,0.9,arg
Radar,pp_0.9_res_0,0.829643964767456,pp,0.9,res
Radar,pp_0.9_res_1,0.9814049601554872,pp,0.9,res
Radar,pp_0.9_res_2,0.9663133025169371,pp,0.9,res
Radar,pp_0.9_res_3,0.939944863319397,pp,0.9,res
Radar,pp_0.9_res_4,0.9675107598304749,pp,0.9,res
Radar,pp_1.0_arg_2,0.8744857907295227,pp,1.0,arg
Radar,pp_1.0_arg_0,0.9868493676185608,pp,1.0,arg
Radar,pp_1.0_arg_1,0.9822787046432496,pp,1.0,arg
Radar,pp_1.0_arg_3,0.9740163087844848,pp,1.0,arg
Radar,pp_1.0_arg_4,0.9789400100708008,pp,1.0,arg
Radar,pp_1.0_res_1,0.9673799276351928,pp,1.0,res
Radar,pp_1.0_res_0,0.8540239930152893,pp,1.0,res
Radar,pp_1.0_res_2,0.982400357723236,pp,1.0,res
Radar,pp_1.0_res_3,0.971677303314209,pp,1.0,res
Radar,pp_1.0_res_4,0.7307493686676025,pp,1.0,res
Radar,pp_1.1_arg_1,0.9623265266418456,pp,1.1,arg
Radar,pp_1.1_arg_0,0.988355040550232,pp,1.1,arg
Radar,pp_1.1_arg_2,0.9879075288772584,pp,1.1,arg
Radar,pp_1.1_arg_3,0.9416176676750184,pp,1.1,arg
Radar,pp_1.1_res_0,0.942708134651184,pp,1.1,res
Radar,pp_1.1_arg_4,0.9890270829200744,pp,1.1,arg
Radar,pp_1.1_res_1,0.990209937095642,pp,1.1,res
Radar,pp_1.1_res_2,0.9633523225784302,pp,1.1,res
Radar,pp_1.1_res_3,0.9703506827354432,pp,1.1,res
Radar,pp_1.2_arg_0,0.97698974609375,pp,1.2,arg
Radar,pp_1.1_res_4,0.7199990749359131,pp,1.1,res
Radar,pp_1.2_arg_1,0.9778127074241638,pp,1.2,arg
Radar,pp_1.2_arg_2,0.9497205018997192,pp,1.2,arg
Radar,pp_1.2_arg_3,0.9871167540550232,pp,1.2,arg
Radar,pp_1.2_res_0,0.8935225009918213,pp,1.2,res
Radar,pp_1.2_arg_4,0.9672459959983826,pp,1.2,arg
Radar,pp_1.2_res_1,0.9442355036735536,pp,1.2,res
Radar,pp_1.2_res_2,0.964276909828186,pp,1.2,res
Radar,pp_1.2_res_3,0.9720839858055116,pp,1.2,res
Radar,pp_1.3_arg_0,0.9905247092247008,pp,1.3,arg
Radar,pp_1.2_res_4,0.9277067184448242,pp,1.2,res
Radar,pp_1.3_arg_1,0.987997591495514,pp,1.3,arg
Radar,pp_1.3_arg_2,0.968647301197052,pp,1.3,arg
Radar,pp_1.3_arg_3,0.95936381816864,pp,1.3,arg
Radar,pp_1.3_res_0,0.9227829575538636,pp,1.3,res
Radar,pp_1.3_arg_4,0.9818392992019652,pp,1.3,arg
Radar,pp_1.3_res_1,0.9618770480155944,pp,1.3,res
Radar,pp_1.3_res_2,0.9559645652770996,pp,1.3,res
Radar,pp_1.3_res_3,0.9543928503990172,pp,1.3,res
Radar,pp_1.4_arg_0,0.9851160049438475,pp,1.4,arg
Radar,pp_1.3_res_4,0.9613548517227172,pp,1.3,res
Radar,pp_1.4_arg_1,0.9891549348831176,pp,1.4,arg
Radar,pp_1.4_arg_2,0.8502042293548584,pp,1.4,arg
Radar,pp_1.4_arg_3,0.980945348739624,pp,1.4,arg
Radar,pp_1.4_arg_4,0.988530457019806,pp,1.4,arg
Radar,pp_1.4_res_0,0.7421044707298279,pp,1.4,res
Radar,pp_1.4_res_1,0.9608864784240724,pp,1.4,res
Radar,pp_1.4_res_2,0.9808066487312316,pp,1.4,res
Radar,pp_1.4_res_3,0.9649766087532043,pp,1.4,res
Radar,pp_1.4_res_4,0.7704877853393555,pp,1.4,res
Radar,pp_1.5_arg_0,0.9848308563232422,pp,1.5,arg
Radar,pp_1.5_arg_1,0.901437282562256,pp,1.5,arg
Radar,pp_1.5_arg_2,0.9239920973777772,pp,1.5,arg
Radar,pp_1.5_arg_3,0.9794747829437256,pp,1.5,arg
Radar,pp_1.5_arg_4,0.8926110863685608,pp,1.5,arg
Radar,pp_1.5_res_0,0.8934280276298523,pp,1.5,res
Radar,pp_1.5_res_1,0.97855544090271,pp,1.5,res
Radar,pp_1.5_res_3,0.9783633947372437,pp,1.5,res
Radar,pp_1.5_res_2,0.9367859363555908,pp,1.5,res
Radar,pp_1.6_arg_0,0.9840657711029052,pp,1.6,arg
Radar,pp_1.5_res_4,0.9595807194709778,pp,1.5,res
Radar,pp_1.6_arg_1,0.9735053777694702,pp,1.6,arg
Radar,pp_1.6_arg_2,0.9618608355522156,pp,1.6,arg
Radar,pp_1.6_arg_3,0.9848024249076844,pp,1.6,arg
Radar,pp_1.6_arg_4,0.9859982132911682,pp,1.6,arg
Radar,pp_1.6_res_0,0.9682376980781556,pp,1.6,res
Radar,pp_1.6_res_2,0.9468958377838136,pp,1.6,res
Radar,pp_1.6_res_3,0.9639210104942322,pp,1.6,res
Radar,pp_1.6_res_1,0.9721393585205078,pp,1.6,res
Radar,pp_1.7_arg_0,0.9797408580780028,pp,1.7,arg
Radar,pp_1.7_arg_1,0.947830617427826,pp,1.7,arg
Radar,pp_1.6_res_4,0.8596787452697754,pp,1.6,res
Radar,pp_1.7_arg_2,0.9575458765029908,pp,1.7,arg
Radar,pp_1.7_arg_3,0.964515209197998,pp,1.7,arg
Radar,pp_1.7_arg_4,0.9732043743133544,pp,1.7,arg
Radar,pp_1.7_res_0,0.8193002343177795,pp,1.7,res
Radar,pp_1.7_res_1,0.9732031226158142,pp,1.7,res
Radar,pp_1.7_res_2,0.9744981527328492,pp,1.7,res
Radar,pp_1.7_res_3,0.984166145324707,pp,1.7,res
Radar,pp_1.8_arg_0,0.9912009835243224,pp,1.8,arg
Radar,pp_1.8_arg_1,0.9533748030662536,pp,1.8,arg
Radar,pp_1.7_res_4,0.9017311930656432,pp,1.7,res
Radar,pp_1.8_arg_2,0.9302069544792176,pp,1.8,arg
Radar,pp_1.8_arg_4,0.9790359139442444,pp,1.8,arg
Radar,pp_1.8_arg_3,0.9644582271575928,pp,1.8,arg
Radar,pp_1.8_res_0,0.9244785308837892,pp,1.8,res
Radar,pp_1.8_res_2,0.9855201840400696,pp,1.8,res
Radar,pp_1.8_res_1,0.9743087887763976,pp,1.8,res
Radar,pp_1.8_res_3,0.9679688215255736,pp,1.8,res
Radar,pp_1.8_res_4,0.9311813712120056,pp,1.8,res
Radar,pp_1.9_arg_0,0.995549499988556,pp,1.9,arg
Radar,pp_1.9_arg_1,0.97126704454422,pp,1.9,arg
Radar,pp_1.9_arg_4,0.970166802406311,pp,1.9,arg
Radar,pp_1.9_arg_3,0.99153870344162,pp,1.9,arg
Radar,pp_1.9_res_0,0.9352547526359558,pp,1.9,res
Radar,pp_1.9_arg_2,0.9657806158065796,pp,1.9,arg
Radar,pp_1.9_res_1,0.9750471711158752,pp,1.9,res
Radar,pp_1.9_res_2,0.9806405901908876,pp,1.9,res
Radar,pp_1.9_res_3,0.907859981060028,pp,1.9,res
Radar,pp_1.9_res_4,0.7888393998146057,pp,1.9,res
Radar,pp_2.0_arg_1,0.9659677147865297,pp,2.0,arg
Radar,pp_2.0_arg_0,0.962096631526947,pp,2.0,arg
Radar,pp_2.0_arg_3,0.9922606945037842,pp,2.0,arg
Radar,pp_2.0_arg_2,0.9501203298568726,pp,2.0,arg
Radar,pp_2.0_res_0,0.9341480135917664,pp,2.0,res
Radar,pp_2.0_arg_4,0.953033685684204,pp,2.0,arg
Radar,pp_2.0_res_1,0.9644227027893066,pp,2.0,res
Radar,pp_2.0_res_4,0.9393978118896484,pp,2.0,res
Radar,pp_2.0_res_3,0.965186357498169,pp,2.0,res
Radar,pp_2.0_res_2,0.9635171890258788,pp,2.0,res
