detector,text_id,score,parameter name,parameter value
GPTZero,fp_-0.0_res_1,0.9977558223168834,fp,-0.0
GPTZero,fp_-0.0_res_0,0.9977558223168834,fp,-0.0
GPTZero,fp_-0.2_res_3,0.9977558223168834,fp,-0.2
GPTZero,fp_-0.2_res_0,0.9977558223168834,fp,-0.2
GPTZero,fp_-0.0_res_4,0.9977558223168834,fp,-0.0
GPTZero,fp_-0.2_res_2,0.9825825322814176,fp,-0.2
GPTZero,fp_-0.0_res_3,0.982932157729323,fp,-0.0
GPTZero,fp_-0.2_res_4,0.9973955738343496,fp,-0.2
GPTZero,fp_-0.0_res_2,0.7713612860287717,fp,-0.0
GPTZero,fp_-0.2_res_1,0.9973955738343496,fp,-0.2
GPTZero,fp_-0.4_res_1,0.5548272588068698,fp,-0.4
GPTZero,fp_-0.4_res_0,0.9977775103937532,fp,-0.4
GPTZero,fp_-0.4_res_2,0.7589185649704708,fp,-0.4
GPTZero,fp_-0.4_res_3,0.7589185649704708,fp,-0.4
GPTZero,fp_-0.6_res_0,0.9957527940105094,fp,-0.6
GPTZero,fp_-0.6_res_2,0.9977558223168834,fp,-0.6
GPTZero,fp_-0.4_res_4,0.9973955738343496,fp,-0.4
GPTZero,fp_-0.6_res_1,0.7556654060331734,fp,-0.6
GPTZero,fp_-0.6_res_3,0.9106245014028448,fp,-0.6
GPTZero,fp_-0.6_res_4,0.4938584521912926,fp,-0.6
GPTZero,fp_-0.8_res_0,0.9250629722921914,fp,-0.8
GPTZero,fp_-0.8_res_1,0.4444388531746531,fp,-0.8
GPTZero,fp_-0.8_res_2,0.9973955738343496,fp,-0.8
GPTZero,fp_-0.8_res_3,0.8234289035940133,fp,-0.8
GPTZero,fp_-1.0_res_0,0.6718980470824237,fp,-1.0
GPTZero,fp_-0.8_res_4,0.4596472091053923,fp,-0.8
GPTZero,fp_-1.0_res_1,0.4444388531746531,fp,-1.0
GPTZero,fp_-1.0_res_3,0.9977558223168834,fp,-1.0
GPTZero,fp_-1.0_res_4,0.6082287355928725,fp,-1.0
GPTZero,fp_-1.0_res_2,0.9977558223168834,fp,-1.0
GPTZero,fp_0.2_res_0,0.9977558223168834,fp,0.2
GPTZero,fp_0.2_res_1,0.982932157729323,fp,0.2
GPTZero,fp_0.2_res_2,1.0,fp,0.2
GPTZero,fp_0.2_res_3,0.9973955738343496,fp,0.2
GPTZero,fp_0.2_res_4,0.9977558223168834,fp,0.2
GPTZero,fp_0.4_res_0,0.9977558223168834,fp,0.4
GPTZero,fp_0.4_res_1,0.9134421713662072,fp,0.4
GPTZero,fp_0.4_res_3,0.9977558223168834,fp,0.4
GPTZero,fp_0.4_res_2,1.0,fp,0.4
GPTZero,fp_0.6_res_0,0.9825825322814176,fp,0.6
GPTZero,fp_0.4_res_4,0.982932157729323,fp,0.4
GPTZero,fp_0.6_res_1,0.982932157729323,fp,0.6
GPTZero,fp_0.6_res_2,1.0,fp,0.6
GPTZero,fp_0.6_res_3,0.9973955738343496,fp,0.6
GPTZero,fp_0.8_res_0,0.9825825322814176,fp,0.8
GPTZero,fp_0.8_res_1,0.9977558223168834,fp,0.8
GPTZero,fp_0.6_res_4,0.982932157729323,fp,0.6
GPTZero,fp_0.8_res_4,0.5453254437869823,fp,0.8
GPTZero,fp_0.8_res_2,0.8223915592028135,fp,0.8
GPTZero,fp_0.8_res_3,0.6761725657506947,fp,0.8
GPTZero,fp_1.0_res_0,0.4030438205195487,fp,1.0
GPTZero,fp_1.0_res_3,0.4312740666331827,fp,1.0
GPTZero,fp_1.0_res_2,0.6330536555118492,fp,1.0
GPTZero,fp_1.0_res_1,1.0,fp,1.0
GPTZero,fp_1.0_res_4,0.4372759856630824,fp,1.0
GPTZero,fp_1.2_res_0,0.3902439024390244,fp,1.2
GPTZero,fp_1.2_res_2,0.3559283199179716,fp,1.2
GPTZero,fp_1.2_res_4,0.4030438205195487,fp,1.2
GPTZero,fp_1.2_res_1,0.3230191378808282,fp,1.2
GPTZero,fp_1.4_res_0,0.1051752921535893,fp,1.4
GPTZero,fp_1.2_res_3,0.5548272588068698,fp,1.2
GPTZero,fp_1.4_res_2,0.4318090154720122,fp,1.4
GPTZero,fp_1.4_res_1,0.1761040393252156,fp,1.4
GPTZero,fp_1.4_res_3,0.3145331125860661,fp,1.4
GPTZero,fp_1.4_res_4,0.3292891367087898,fp,1.4
GPTZero,fp_1.6_res_0,0.4048993503035467,fp,1.6
GPTZero,fp_1.6_res_1,0.1776615488442719,fp,1.6
GPTZero,fp_1.6_res_2,0.1739459904728821,fp,1.6
GPTZero,fp_1.6_res_3,0.4092626683460905,fp,1.6
GPTZero,fp_1.8_res_0,0.9004739336492892,fp,1.8
GPTZero,fp_1.6_res_4,0.3520387370607289,fp,1.6
GPTZero,fp_1.8_res_1,0.3516345459245676,fp,1.8
GPTZero,fp_2.0_res_0,0.3377089254671849,fp,2.0
GPTZero,fp_1.8_res_3,0.1683237610539548,fp,1.8
GPTZero,fp_1.8_res_4,0.1692571276148266,fp,1.8
GPTZero,fp_1.8_res_2,0.1796203529222259,fp,1.8
GPTZero,fp_2.0_res_1,0.352711666016387,fp,2.0
GPTZero,fp_2.0_res_2,0.1692571276148266,fp,2.0
GPTZero,fp_2.0_res_3,0.6718980470824237,fp,2.0
GPTZero,fp_2.0_res_4,0.1736026429653469,fp,2.0
GPTZero,pp_-0.0_res_0,0.9825825322814176,pp,-0.0
GPTZero,pp_-0.0_res_2,1.0,pp,-0.0
GPTZero,pp_-0.0_res_1,0.982251886615535,pp,-0.0
GPTZero,pp_-0.2_res_1,0.9977558223168834,pp,-0.2
GPTZero,pp_-0.2_res_2,1.0,pp,-0.2
GPTZero,pp_-0.0_res_3,0.9977558223168834,pp,-0.0
GPTZero,pp_-0.2_res_0,0.9977558223168834,pp,-0.2
GPTZero,pp_-0.0_res_4,0.9122259726882967,pp,-0.0
GPTZero,pp_-0.2_res_3,0.9977558223168834,pp,-0.2
GPTZero,pp_-0.2_res_4,0.982251886615535,pp,-0.2
GPTZero,pp_-0.4_res_1,0.9977558223168834,pp,-0.4
GPTZero,pp_-0.4_res_0,0.8223915592028135,pp,-0.4
GPTZero,pp_-0.4_res_2,0.850026591361927,pp,-0.4
GPTZero,pp_-0.4_res_3,0.982932157729323,pp,-0.4
GPTZero,pp_-0.4_res_4,0.9973955738343496,pp,-0.4
GPTZero,pp_-0.6_res_1,0.9977558223168834,pp,-0.6
GPTZero,pp_-0.6_res_0,0.9820821274401206,pp,-0.6
GPTZero,pp_-0.6_res_2,0.9122259726882967,pp,-0.6
GPTZero,pp_-0.6_res_3,0.9977558223168834,pp,-0.6
GPTZero,pp_-0.6_res_4,0.982932157729323,pp,-0.6
GPTZero,pp_-0.8_res_0,0.9973955738343496,pp,-0.8
GPTZero,pp_-0.8_res_3,0.9977558223168834,pp,-0.8
GPTZero,pp_-0.8_res_2,0.9977775103937532,pp,-0.8
GPTZero,pp_-0.8_res_1,0.9977558223168834,pp,-0.8
GPTZero,pp_-0.8_res_4,0.9825825322814176,pp,-0.8
GPTZero,pp_-1.0_res_0,0.9977558223168834,pp,-1.0
GPTZero,pp_-1.0_res_1,0.982251886615535,pp,-1.0
GPTZero,pp_-1.0_res_3,0.9977558223168834,pp,-1.0
GPTZero,pp_-1.0_res_2,0.982251886615535,pp,-1.0
GPTZero,pp_-1.0_res_4,0.9825825322814176,pp,-1.0
GPTZero,pp_0.2_res_0,0.9825825322814176,pp,0.2
GPTZero,pp_0.2_res_2,0.982932157729323,pp,0.2
GPTZero,pp_0.2_res_1,0.9039341262580056,pp,0.2
GPTZero,pp_0.2_res_3,0.9977775103937532,pp,0.2
GPTZero,pp_0.4_res_1,1.0,pp,0.4
GPTZero,pp_0.4_res_2,0.9851100744681244,pp,0.4
GPTZero,pp_0.4_res_0,0.9134421713662072,pp,0.4
GPTZero,pp_0.2_res_4,0.9825825322814176,pp,0.2
GPTZero,pp_0.4_res_3,0.9977558223168834,pp,0.4
GPTZero,pp_0.6_res_0,0.9977558223168834,pp,0.6
GPTZero,pp_0.4_res_4,0.9973955738343496,pp,0.4
GPTZero,pp_0.6_res_2,0.8238255803362468,pp,0.6
GPTZero,pp_0.6_res_1,0.9117773831485664,pp,0.6
GPTZero,pp_0.6_res_3,0.9973955738343496,pp,0.6
GPTZero,pp_0.6_res_4,0.9977558223168834,pp,0.6
GPTZero,pp_0.8_res_0,0.9977558223168834,pp,0.8
GPTZero,pp_0.8_res_1,0.9973955738343496,pp,0.8
GPTZero,pp_0.8_res_2,0.9825825322814176,pp,0.8
GPTZero,pp_1.0_res_0,0.9977558223168834,pp,1.0
GPTZero,pp_0.8_res_3,0.9977558223168834,pp,0.8
GPTZero,pp_0.8_res_4,0.9977775103937532,pp,0.8
GPTZero,pp_1.0_res_1,0.9973955738343496,pp,1.0
GPTZero,pp_1.0_res_2,0.9134421713662072,pp,1.0
GPTZero,pp_1.2_res_0,0.9977775103937532,pp,1.2
GPTZero,pp_1.0_res_3,0.9973955738343496,pp,1.0
GPTZero,pp_1.0_res_4,0.9977558223168834,pp,1.0
GPTZero,pp_1.2_res_2,0.9977558223168834,pp,1.2
GPTZero,pp_1.2_res_1,0.982251886615535,pp,1.2
GPTZero,pp_1.2_res_3,0.9977558223168834,pp,1.2
GPTZero,pp_1.4_res_0,0.8314732230637943,pp,1.4
GPTZero,pp_1.2_res_4,0.9977558223168834,pp,1.2
GPTZero,pp_1.4_res_1,0.9977558223168834,pp,1.4
GPTZero,pp_1.4_res_2,0.9826080317224812,pp,1.4
GPTZero,pp_1.4_res_3,0.9977558223168834,pp,1.4
GPTZero,pp_1.4_res_4,0.7127008076684122,pp,1.4
GPTZero,pp_1.6_res_1,0.967348271939558,pp,1.6
GPTZero,pp_1.6_res_0,0.9973955738343496,pp,1.6
GPTZero,pp_1.6_res_2,0.915321344878592,pp,1.6
GPTZero,pp_1.6_res_3,0.9977558223168834,pp,1.6
GPTZero,pp_1.8_res_0,0.9973955738343496,pp,1.8
GPTZero,pp_1.6_res_4,0.9973955738343496,pp,1.6
GPTZero,pp_1.8_res_3,0.9977558223168834,pp,1.8
GPTZero,pp_1.8_res_2,0.9977558223168834,pp,1.8
GPTZero,pp_2.0_res_0,0.9977558223168834,pp,2.0
GPTZero,pp_1.8_res_4,0.915321344878592,pp,1.8
GPTZero,pp_2.0_res_2,0.9977775103937532,pp,2.0
GPTZero,pp_1.8_res_1,1.0,pp,1.8
GPTZero,pp_2.0_res_1,1.0,pp,2.0
GPTZero,pp_2.0_res_4,0.9807071088338744,pp,2.0
GPTZero,pp_2.0_res_3,0.9977558223168834,pp,2.0
GPTZero,temp_0.0_res_0,0.9977558223168834,temp,0.0
GPTZero,temp_0.0_res_1,0.9977558223168834,temp,0.0
GPTZero,temp_0.0_res_2,0.9104753354570072,temp,0.0
GPTZero,temp_0.0_res_4,0.9977558223168834,temp,0.0
GPTZero,temp_0.1_res_0,0.9977558223168834,temp,0.1
GPTZero,temp_0.1_res_2,1.0,temp,0.1
GPTZero,temp_0.1_res_1,0.982932157729323,temp,0.1
GPTZero,temp_0.0_res_3,0.9977558223168834,temp,0.0
GPTZero,temp_0.1_res_4,0.9973955738343496,temp,0.1
GPTZero,temp_0.1_res_3,0.9977558223168834,temp,0.1
GPTZero,temp_0.2_res_2,0.9977558223168834,temp,0.2
GPTZero,temp_0.2_res_1,0.9977558223168834,temp,0.2
GPTZero,temp_0.2_res_0,0.9977558223168834,temp,0.2
GPTZero,temp_0.2_res_3,0.9977558223168834,temp,0.2
GPTZero,temp_0.2_res_4,0.9977558223168834,temp,0.2
GPTZero,temp_0.3_res_0,0.9977558223168834,temp,0.3
GPTZero,temp_0.3_res_1,0.9977558223168834,temp,0.3
GPTZero,temp_0.3_res_4,0.9973955738343496,temp,0.3
GPTZero,temp_0.3_res_2,0.9977558223168834,temp,0.3
GPTZero,temp_0.3_res_3,0.982251886615535,temp,0.3
GPTZero,temp_0.4_res_0,0.9977558223168834,temp,0.4
GPTZero,temp_0.4_res_1,0.9977558223168834,temp,0.4
GPTZero,temp_0.4_res_3,0.9826080317224812,temp,0.4
GPTZero,temp_0.4_res_2,0.9820821274401206,temp,0.4
GPTZero,temp_0.5_res_0,0.9977558223168834,temp,0.5
GPTZero,temp_0.5_res_1,0.9826080317224812,temp,0.5
GPTZero,temp_0.4_res_4,0.9092670190856504,temp,0.4
GPTZero,temp_0.5_res_4,0.9106245014028448,temp,0.5
GPTZero,temp_0.5_res_2,0.9973955738343496,temp,0.5
GPTZero,temp_0.6_res_0,0.9977558223168834,temp,0.6
GPTZero,temp_0.6_res_1,0.9977558223168834,temp,0.6
GPTZero,temp_0.5_res_3,0.982932157729323,temp,0.5
GPTZero,temp_0.6_res_3,0.9977775103937532,temp,0.6
GPTZero,temp_0.6_res_2,0.9977775103937532,temp,0.6
GPTZero,temp_0.6_res_4,0.9977558223168834,temp,0.6
GPTZero,temp_0.7_res_0,0.9977558223168834,temp,0.7
GPTZero,temp_0.7_res_2,0.982932157729323,temp,0.7
GPTZero,temp_0.7_res_4,0.9825825322814176,temp,0.7
GPTZero,temp_0.7_res_3,0.9977558223168834,temp,0.7
GPTZero,temp_0.7_res_1,0.9973955738343496,temp,0.7
GPTZero,temp_0.8_res_0,0.9825825322814176,temp,0.8
GPTZero,temp_0.8_res_1,0.9106245014028448,temp,0.8
GPTZero,temp_0.8_res_3,0.9826080317224812,temp,0.8
GPTZero,temp_0.8_res_4,0.9977558223168834,temp,0.8
GPTZero,temp_0.8_res_2,0.9973955738343496,temp,0.8
GPTZero,temp_0.9_res_0,0.9977558223168834,temp,0.9
GPTZero,temp_0.9_res_1,0.9106245014028448,temp,0.9
GPTZero,temp_0.9_res_3,0.9977775103937532,temp,0.9
GPTZero,temp_1.0_res_0,1.0,temp,1.0
GPTZero,temp_0.9_res_4,0.9977558223168834,temp,0.9
GPTZero,temp_1.0_res_2,0.915173930512831,temp,1.0
GPTZero,temp_0.9_res_2,0.9977558223168834,temp,0.9
GPTZero,temp_1.0_res_4,0.9977558223168834,temp,1.0
GPTZero,temp_1.0_res_1,0.9977558223168834,temp,1.0
GPTZero,temp_1.0_res_3,0.9106245014028448,temp,1.0
GPTZero,temp_1.1_res_1,0.9977558223168834,temp,1.1
GPTZero,temp_1.1_res_0,0.9973955738343496,temp,1.1
GPTZero,temp_1.1_res_3,0.982932157729323,temp,1.1
GPTZero,temp_1.1_res_2,0.7283840570482618,temp,1.1
GPTZero,temp_1.1_res_4,0.9977558223168834,temp,1.1
GPTZero,temp_1.2_res_0,0.9825825322814176,temp,1.2
GPTZero,temp_1.2_res_2,0.9109374343376851,temp,1.2
GPTZero,temp_1.2_res_3,0.9825825322814176,temp,1.2
GPTZero,temp_1.2_res_4,0.9977775103937532,temp,1.2
GPTZero,temp_1.2_res_1,0.9016832316155456,temp,1.2
GPTZero,temp_1.3_res_2,0.982932157729323,temp,1.3
GPTZero,temp_1.3_res_0,0.9973955738343496,temp,1.3
GPTZero,temp_1.3_res_1,0.982251886615535,temp,1.3
GPTZero,temp_1.3_res_3,0.9977558223168834,temp,1.3
GPTZero,temp_1.3_res_4,0.9825825322814176,temp,1.3
GPTZero,temp_1.4_res_0,0.9977558223168834,temp,1.4
GPTZero,temp_1.4_res_1,0.9826080317224812,temp,1.4
GPTZero,temp_1.4_res_2,0.9957527940105094,temp,1.4
GPTZero,temp_1.4_res_3,0.982932157729323,temp,1.4
GPTZero,temp_1.4_res_4,0.915321344878592,temp,1.4
GPTZero,temp_1.5_res_0,0.9973955738343496,temp,1.5
GPTZero,temp_1.5_res_1,0.9977558223168834,temp,1.5
GPTZero,temp_1.5_res_2,0.8653488706375682,temp,1.5
GPTZero,temp_1.5_res_4,0.9977558223168834,temp,1.5
GPTZero,temp_1.5_res_3,0.9977558223168834,temp,1.5
GPTZero,topp_0.0_res_0,0.7589185649704708,topp,0.0
GPTZero,topp_0.0_res_1,0.9977558223168834,topp,0.0
GPTZero,topp_0.0_res_2,1.0,topp,0.0
GPTZero,topp_0.0_res_3,0.9977558223168834,topp,0.0
GPTZero,topp_0.0_res_4,0.9977558223168834,topp,0.0
GPTZero,topp_0.1_res_1,0.9977558223168834,topp,0.1
GPTZero,topp_0.1_res_0,0.9977558223168834,topp,0.1
GPTZero,topp_0.1_res_4,0.9977775103937532,topp,0.1
GPTZero,topp_0.1_res_3,0.9977558223168834,topp,0.1
GPTZero,topp_0.2_res_0,0.9977558223168834,topp,0.2
GPTZero,topp_0.2_res_1,0.9973955738343496,topp,0.2
GPTZero,topp_0.1_res_2,0.9820821274401206,topp,0.1
GPTZero,topp_0.2_res_2,1.0,topp,0.2
GPTZero,topp_0.2_res_3,0.9977558223168834,topp,0.2
GPTZero,topp_0.3_res_0,0.9977558223168834,topp,0.3
GPTZero,topp_0.2_res_4,0.9977558223168834,topp,0.2
GPTZero,topp_0.3_res_1,0.9977558223168834,topp,0.3
GPTZero,topp_0.3_res_2,1.0,topp,0.3
GPTZero,topp_0.3_res_4,0.8314732230637943,topp,0.3
GPTZero,topp_0.3_res_3,0.982932157729323,topp,0.3
GPTZero,topp_0.4_res_0,0.9977558223168834,topp,0.4
GPTZero,topp_0.4_res_1,0.9973955738343496,topp,0.4
GPTZero,topp_0.4_res_2,0.982932157729323,topp,0.4
GPTZero,topp_0.4_res_3,0.9825825322814176,topp,0.4
GPTZero,topp_0.4_res_4,0.9973955738343496,topp,0.4
GPTZero,topp_0.5_res_0,0.9977558223168834,topp,0.5
GPTZero,topp_0.5_res_1,0.9956582811901415,topp,0.5
GPTZero,topp_0.5_res_4,0.9973955738343496,topp,0.5
GPTZero,topp_0.5_res_3,0.9977558223168834,topp,0.5
GPTZero,topp_0.5_res_2,0.9977558223168834,topp,0.5
GPTZero,topp_0.6_res_0,0.9977558223168834,topp,0.6
GPTZero,topp_0.6_res_1,0.8381398428317829,topp,0.6
GPTZero,topp_0.6_res_3,0.9977558223168834,topp,0.6
GPTZero,topp_0.6_res_4,0.9973955738343496,topp,0.6
GPTZero,topp_0.6_res_2,0.9826080317224812,topp,0.6
GPTZero,topp_0.7_res_0,0.9977775103937532,topp,0.7
GPTZero,topp_0.7_res_1,0.982932157729323,topp,0.7
GPTZero,topp_0.7_res_3,0.9977558223168834,topp,0.7
GPTZero,topp_0.7_res_2,0.9973955738343496,topp,0.7
GPTZero,topp_0.7_res_4,0.9820821274401206,topp,0.7
GPTZero,topp_0.8_res_0,0.9977558223168834,topp,0.8
GPTZero,topp_0.8_res_1,1.0,topp,0.8
GPTZero,topp_0.8_res_3,0.982932157729323,topp,0.8
GPTZero,topp_0.8_res_4,0.9973955738343496,topp,0.8
GPTZero,topp_0.9_res_0,0.9973955738343496,topp,0.9
GPTZero,topp_0.8_res_2,0.9092670190856504,topp,0.8
GPTZero,topp_0.9_res_3,0.982932157729323,topp,0.9
GPTZero,topp_0.9_res_2,0.9977558223168834,topp,0.9
GPTZero,topp_0.9_res_1,0.8235569534490451,topp,0.9
GPTZero,topp_1.0_res_0,0.9977558223168834,topp,1.0
GPTZero,topp_0.9_res_4,0.9973955738343496,topp,0.9
GPTZero,topp_1.0_res_1,0.9977558223168834,topp,1.0
GPTZero,topp_1.0_res_3,0.9977558223168834,topp,1.0
GPTZero,topp_1.0_res_4,0.9977558223168834,topp,1.0
GPTZero,topp_1.0_res_2,0.9973955738343496,topp,1.0
CopyLeaks,fp_-0.2_res_4,1.0,fp,-0.2
CopyLeaks,fp_-0.0_res_1,1.0,fp,-0.0
CopyLeaks,fp_-0.0_res_0,1.0,fp,-0.0
CopyLeaks,fp_-0.0_res_4,1.0,fp,-0.0
CopyLeaks,fp_-0.0_res_3,1.0,fp,-0.0
CopyLeaks,fp_-0.4_res_0,1.0,fp,-0.4
CopyLeaks,fp_-0.0_res_2,1.0,fp,-0.0
CopyLeaks,fp_-0.2_res_1,1.0,fp,-0.2
CopyLeaks,fp_-0.4_res_4,1.0,fp,-0.4
CopyLeaks,fp_-0.4_res_2,1.0,fp,-0.4
CopyLeaks,fp_-0.2_res_3,1.0,fp,-0.2
CopyLeaks,fp_-0.2_res_0,1.0,fp,-0.2
CopyLeaks,fp_-0.2_res_2,1.0,fp,-0.2
CopyLeaks,fp_-0.4_res_3,1.0,fp,-0.4
CopyLeaks,fp_-0.4_res_1,1.0,fp,-0.4
CopyLeaks,fp_-0.6_res_2,1.0,fp,-0.6
CopyLeaks,fp_-0.6_res_0,1.0,fp,-0.6
CopyLeaks,fp_-0.6_res_4,1.0,fp,-0.6
CopyLeaks,fp_-0.8_res_3,1.0,fp,-0.8
CopyLeaks,fp_-0.8_res_4,1.0,fp,-0.8
CopyLeaks,fp_-0.6_res_1,1.0,fp,-0.6
CopyLeaks,fp_-1.0_res_0,1.0,fp,-1.0
CopyLeaks,fp_-1.0_res_1,1.0,fp,-1.0
CopyLeaks,fp_-0.6_res_3,1.0,fp,-0.6
CopyLeaks,fp_-0.8_res_0,1.0,fp,-0.8
CopyLeaks,fp_-0.8_res_2,1.0,fp,-0.8
CopyLeaks,fp_-0.8_res_1,1.0,fp,-0.8
CopyLeaks,fp_0.2_res_1,1.0,fp,0.2
CopyLeaks,fp_-1.0_res_4,1.0,fp,-1.0
CopyLeaks,fp_-1.0_res_3,1.0,fp,-1.0
CopyLeaks,fp_-1.0_res_2,1.0,fp,-1.0
CopyLeaks,fp_0.2_res_4,1.0,fp,0.2
CopyLeaks,fp_0.2_res_0,1.0,fp,0.2
CopyLeaks,fp_0.2_res_3,1.0,fp,0.2
CopyLeaks,fp_0.4_res_1,1.0,fp,0.4
CopyLeaks,fp_0.2_res_2,1.0,fp,0.2
CopyLeaks,fp_0.4_res_2,1.0,fp,0.4
CopyLeaks,fp_0.6_res_0,1.0,fp,0.6
CopyLeaks,fp_0.4_res_3,1.0,fp,0.4
CopyLeaks,fp_0.6_res_2,1.0,fp,0.6
CopyLeaks,fp_0.6_res_3,1.0,fp,0.6
CopyLeaks,fp_0.4_res_4,1.0,fp,0.4
CopyLeaks,fp_0.6_res_1,1.0,fp,0.6
CopyLeaks,fp_0.6_res_4,1.0,fp,0.6
CopyLeaks,fp_0.8_res_0,1.0,fp,0.8
CopyLeaks,fp_0.8_res_3,1.0,fp,0.8
CopyLeaks,fp_0.8_res_2,1.0,fp,0.8
CopyLeaks,fp_0.4_res_0,1.0,fp,0.4
CopyLeaks,fp_0.8_res_1,1.0,fp,0.8
CopyLeaks,fp_1.0_res_4,1.0,fp,1.0
CopyLeaks,fp_1.2_res_1,1.0,fp,1.2
CopyLeaks,fp_1.0_res_0,0.71882087,fp,1.0
CopyLeaks,fp_1.2_res_2,1.0,fp,1.2
CopyLeaks,fp_1.0_res_1,1.0,fp,1.0
CopyLeaks,fp_0.8_res_4,1.0,fp,0.8
CopyLeaks,fp_1.2_res_3,1.0,fp,1.2
CopyLeaks,fp_1.2_res_0,1.0,fp,1.2
CopyLeaks,fp_1.0_res_2,1.0,fp,1.0
CopyLeaks,fp_1.4_res_0,0.9121813,fp,1.4
CopyLeaks,fp_1.4_res_4,1.0,fp,1.4
CopyLeaks,fp_1.6_res_2,0.6702997,fp,1.6
CopyLeaks,fp_1.0_res_3,1.0,fp,1.0
CopyLeaks,fp_1.4_res_1,1.0,fp,1.4
CopyLeaks,fp_1.4_res_2,1.0,fp,1.4
CopyLeaks,fp_1.4_res_3,1.0,fp,1.4
CopyLeaks,fp_1.6_res_1,1.0,fp,1.6
CopyLeaks,fp_1.2_res_4,0.7351598,fp,1.2
CopyLeaks,fp_1.6_res_4,1.0,fp,1.6
CopyLeaks,fp_1.6_res_0,0.75184274,fp,1.6
CopyLeaks,fp_1.8_res_1,1.0,fp,1.8
CopyLeaks,fp_1.8_res_4,1.0,fp,1.8
CopyLeaks,fp_1.8_res_2,1.0,fp,1.8
CopyLeaks,fp_1.8_res_0,0.59621453,fp,1.8
CopyLeaks,fp_1.6_res_3,1.0,fp,1.6
CopyLeaks,fp_2.0_res_1,1.0,fp,2.0
CopyLeaks,fp_2.0_res_3,1.0,fp,2.0
CopyLeaks,fp_2.0_res_2,0.41214058,fp,2.0
CopyLeaks,pp_-0.0_res_0,1.0,pp,-0.0
CopyLeaks,pp_-0.2_res_0,1.0,pp,-0.2
CopyLeaks,pp_-0.0_res_3,1.0,pp,-0.0
CopyLeaks,pp_-0.2_res_1,1.0,pp,-0.2
CopyLeaks,fp_2.0_res_0,1.0,fp,2.0
CopyLeaks,fp_1.8_res_3,0.66863906,fp,1.8
CopyLeaks,pp_-0.2_res_2,1.0,pp,-0.2
CopyLeaks,fp_2.0_res_4,0.63559324,fp,2.0
CopyLeaks,pp_-0.0_res_1,1.0,pp,-0.0
CopyLeaks,pp_-0.0_res_4,1.0,pp,-0.0
CopyLeaks,pp_-0.2_res_3,1.0,pp,-0.2
CopyLeaks,pp_-0.2_res_4,1.0,pp,-0.2
CopyLeaks,pp_-0.0_res_2,1.0,pp,-0.0
CopyLeaks,pp_-0.4_res_2,1.0,pp,-0.4
CopyLeaks,pp_-0.4_res_3,1.0,pp,-0.4
CopyLeaks,pp_-0.6_res_1,1.0,pp,-0.6
CopyLeaks,pp_-0.6_res_2,1.0,pp,-0.6
CopyLeaks,pp_-0.6_res_3,1.0,pp,-0.6
CopyLeaks,pp_-0.4_res_0,1.0,pp,-0.4
CopyLeaks,pp_-0.4_res_1,1.0,pp,-0.4
CopyLeaks,pp_-0.8_res_1,1.0,pp,-0.8
CopyLeaks,pp_-0.8_res_2,1.0,pp,-0.8
CopyLeaks,pp_-0.6_res_0,1.0,pp,-0.6
CopyLeaks,pp_-0.4_res_4,1.0,pp,-0.4
CopyLeaks,pp_-0.8_res_0,0.5052411,pp,-0.8
CopyLeaks,pp_-0.6_res_4,1.0,pp,-0.6
CopyLeaks,pp_-0.8_res_3,1.0,pp,-0.8
CopyLeaks,pp_-1.0_res_4,1.0,pp,-1.0
CopyLeaks,pp_-1.0_res_3,1.0,pp,-1.0
CopyLeaks,pp_-0.8_res_4,1.0,pp,-0.8
CopyLeaks,pp_-1.0_res_1,1.0,pp,-1.0
CopyLeaks,pp_-1.0_res_2,1.0,pp,-1.0
CopyLeaks,pp_0.2_res_2,1.0,pp,0.2
CopyLeaks,pp_-1.0_res_0,1.0,pp,-1.0
CopyLeaks,pp_0.2_res_1,1.0,pp,0.2
CopyLeaks,pp_0.2_res_3,1.0,pp,0.2
CopyLeaks,pp_0.2_res_0,1.0,pp,0.2
CopyLeaks,pp_0.4_res_0,1.0,pp,0.4
CopyLeaks,pp_0.6_res_0,1.0,pp,0.6
CopyLeaks,pp_0.2_res_4,1.0,pp,0.2
CopyLeaks,pp_0.4_res_2,1.0,pp,0.4
CopyLeaks,pp_0.4_res_1,1.0,pp,0.4
CopyLeaks,pp_0.8_res_0,1.0,pp,0.8
CopyLeaks,pp_0.4_res_4,1.0,pp,0.4
CopyLeaks,pp_0.4_res_3,1.0,pp,0.4
CopyLeaks,pp_0.6_res_3,1.0,pp,0.6
CopyLeaks,pp_0.6_res_2,1.0,pp,0.6
CopyLeaks,pp_0.6_res_1,1.0,pp,0.6
CopyLeaks,pp_0.6_res_4,1.0,pp,0.6
CopyLeaks,pp_0.8_res_3,1.0,pp,0.8
CopyLeaks,pp_0.8_res_2,1.0,pp,0.8
CopyLeaks,pp_0.8_res_1,1.0,pp,0.8
CopyLeaks,pp_1.0_res_1,1.0,pp,1.0
CopyLeaks,pp_1.0_res_3,1.0,pp,1.0
CopyLeaks,pp_1.2_res_0,1.0,pp,1.2
CopyLeaks,pp_1.0_res_2,1.0,pp,1.0
CopyLeaks,pp_1.2_res_3,1.0,pp,1.2
CopyLeaks,pp_1.2_res_2,1.0,pp,1.2
CopyLeaks,pp_0.8_res_4,1.0,pp,0.8
CopyLeaks,pp_1.2_res_1,1.0,pp,1.2
CopyLeaks,pp_1.0_res_4,1.0,pp,1.0
CopyLeaks,pp_1.0_res_0,1.0,pp,1.0
CopyLeaks,pp_1.2_res_4,1.0,pp,1.2
CopyLeaks,pp_1.4_res_1,1.0,pp,1.4
CopyLeaks,pp_1.4_res_4,1.0,pp,1.4
CopyLeaks,pp_1.6_res_0,1.0,pp,1.6
CopyLeaks,pp_1.6_res_4,1.0,pp,1.6
CopyLeaks,pp_1.4_res_2,1.0,pp,1.4
CopyLeaks,pp_1.4_res_0,1.0,pp,1.4
CopyLeaks,pp_1.4_res_3,1.0,pp,1.4
CopyLeaks,pp_1.6_res_1,1.0,pp,1.6
CopyLeaks,pp_1.8_res_0,1.0,pp,1.8
CopyLeaks,pp_1.6_res_2,1.0,pp,1.6
CopyLeaks,pp_1.6_res_3,1.0,pp,1.6
CopyLeaks,pp_1.8_res_2,1.0,pp,1.8
CopyLeaks,pp_1.8_res_1,1.0,pp,1.8
CopyLeaks,pp_1.8_res_3,1.0,pp,1.8
CopyLeaks,pp_2.0_res_3,1.0,pp,2.0
CopyLeaks,pp_2.0_res_1,1.0,pp,2.0
CopyLeaks,pp_1.8_res_4,1.0,pp,1.8
CopyLeaks,temp_0.0_res_0,1.0,temp,0.0
CopyLeaks,pp_2.0_res_2,1.0,pp,2.0
CopyLeaks,pp_2.0_res_4,1.0,pp,2.0
CopyLeaks,temp_0.0_res_1,1.0,temp,0.0
CopyLeaks,pp_2.0_res_0,1.0,pp,2.0
CopyLeaks,temp_0.0_res_4,1.0,temp,0.0
CopyLeaks,temp_0.0_res_2,1.0,temp,0.0
CopyLeaks,temp_0.0_res_3,1.0,temp,0.0
CopyLeaks,temp_0.2_res_1,1.0,temp,0.2
CopyLeaks,temp_0.1_res_0,1.0,temp,0.1
CopyLeaks,temp_0.1_res_1,1.0,temp,0.1
CopyLeaks,temp_0.2_res_2,1.0,temp,0.2
CopyLeaks,temp_0.2_res_4,1.0,temp,0.2
CopyLeaks,temp_0.3_res_1,1.0,temp,0.3
CopyLeaks,temp_0.3_res_0,1.0,temp,0.3
CopyLeaks,temp_0.1_res_2,1.0,temp,0.1
CopyLeaks,temp_0.1_res_3,1.0,temp,0.1
CopyLeaks,temp_0.1_res_4,1.0,temp,0.1
CopyLeaks,temp_0.2_res_3,1.0,temp,0.2
CopyLeaks,temp_0.2_res_0,1.0,temp,0.2
CopyLeaks,temp_0.3_res_4,1.0,temp,0.3
CopyLeaks,temp_0.3_res_2,1.0,temp,0.3
CopyLeaks,temp_0.3_res_3,1.0,temp,0.3
CopyLeaks,temp_0.4_res_3,1.0,temp,0.4
CopyLeaks,temp_0.5_res_2,1.0,temp,0.5
CopyLeaks,temp_0.5_res_1,1.0,temp,0.5
CopyLeaks,temp_0.5_res_4,1.0,temp,0.5
CopyLeaks,temp_0.5_res_0,1.0,temp,0.5
CopyLeaks,temp_0.4_res_0,1.0,temp,0.4
CopyLeaks,temp_0.4_res_1,1.0,temp,0.4
CopyLeaks,temp_0.4_res_2,1.0,temp,0.4
CopyLeaks,temp_0.4_res_4,1.0,temp,0.4
CopyLeaks,temp_0.6_res_0,1.0,temp,0.6
CopyLeaks,temp_0.5_res_3,1.0,temp,0.5
CopyLeaks,temp_0.6_res_2,1.0,temp,0.6
CopyLeaks,temp_0.6_res_4,1.0,temp,0.6
CopyLeaks,temp_0.6_res_3,1.0,temp,0.6
CopyLeaks,temp_0.6_res_1,1.0,temp,0.6
CopyLeaks,temp_0.7_res_1,1.0,temp,0.7
CopyLeaks,temp_0.8_res_0,1.0,temp,0.8
CopyLeaks,temp_0.7_res_3,1.0,temp,0.7
CopyLeaks,temp_0.7_res_4,1.0,temp,0.7
CopyLeaks,temp_0.8_res_2,1.0,temp,0.8
CopyLeaks,temp_0.7_res_0,1.0,temp,0.7
CopyLeaks,temp_0.7_res_2,1.0,temp,0.7
CopyLeaks,temp_0.8_res_1,1.0,temp,0.8
CopyLeaks,temp_0.8_res_3,1.0,temp,0.8
CopyLeaks,temp_0.9_res_0,1.0,temp,0.9
CopyLeaks,temp_0.9_res_1,1.0,temp,0.9
CopyLeaks,temp_0.8_res_4,1.0,temp,0.8
CopyLeaks,temp_0.9_res_3,1.0,temp,0.9
CopyLeaks,temp_0.9_res_4,1.0,temp,0.9
CopyLeaks,temp_1.0_res_0,1.0,temp,1.0
CopyLeaks,temp_1.0_res_1,1.0,temp,1.0
CopyLeaks,temp_0.9_res_2,1.0,temp,0.9
CopyLeaks,temp_1.0_res_2,1.0,temp,1.0
CopyLeaks,temp_1.1_res_1,1.0,temp,1.1
CopyLeaks,temp_1.0_res_3,1.0,temp,1.0
CopyLeaks,temp_1.0_res_4,1.0,temp,1.0
CopyLeaks,temp_1.1_res_0,1.0,temp,1.1
CopyLeaks,temp_1.1_res_3,1.0,temp,1.1
CopyLeaks,temp_1.2_res_1,1.0,temp,1.2
CopyLeaks,temp_1.2_res_0,1.0,temp,1.2
CopyLeaks,temp_1.2_res_2,1.0,temp,1.2
CopyLeaks,temp_1.2_res_4,1.0,temp,1.2
CopyLeaks,temp_1.1_res_2,1.0,temp,1.1
CopyLeaks,temp_1.1_res_4,1.0,temp,1.1
CopyLeaks,temp_1.3_res_0,1.0,temp,1.3
CopyLeaks,temp_1.3_res_3,1.0,temp,1.3
CopyLeaks,temp_1.3_res_1,1.0,temp,1.3
CopyLeaks,temp_1.3_res_4,1.0,temp,1.3
CopyLeaks,temp_1.3_res_2,1.0,temp,1.3
CopyLeaks,temp_1.2_res_3,1.0,temp,1.2
CopyLeaks,temp_1.4_res_2,1.0,temp,1.4
CopyLeaks,temp_1.4_res_0,1.0,temp,1.4
CopyLeaks,temp_1.4_res_3,1.0,temp,1.4
CopyLeaks,temp_1.4_res_1,1.0,temp,1.4
CopyLeaks,topp_0.0_res_0,1.0,topp,0.0
CopyLeaks,temp_1.5_res_1,1.0,temp,1.5
CopyLeaks,temp_1.4_res_4,1.0,temp,1.4
CopyLeaks,temp_1.5_res_4,1.0,temp,1.5
CopyLeaks,temp_1.5_res_2,1.0,temp,1.5
CopyLeaks,temp_1.5_res_0,1.0,temp,1.5
CopyLeaks,temp_1.5_res_3,1.0,temp,1.5
CopyLeaks,topp_0.0_res_4,1.0,topp,0.0
CopyLeaks,topp_0.1_res_0,1.0,topp,0.1
CopyLeaks,topp_0.0_res_2,1.0,topp,0.0
CopyLeaks,topp_0.0_res_1,1.0,topp,0.0
CopyLeaks,topp_0.0_res_3,1.0,topp,0.0
CopyLeaks,topp_0.1_res_2,1.0,topp,0.1
CopyLeaks,topp_0.1_res_3,1.0,topp,0.1
CopyLeaks,topp_0.1_res_4,1.0,topp,0.1
CopyLeaks,topp_0.1_res_1,1.0,topp,0.1
CopyLeaks,topp_0.3_res_4,1.0,topp,0.3
CopyLeaks,topp_0.2_res_3,1.0,topp,0.2
CopyLeaks,topp_0.2_res_1,1.0,topp,0.2
CopyLeaks,topp_0.2_res_0,1.0,topp,0.2
CopyLeaks,topp_0.3_res_2,1.0,topp,0.3
CopyLeaks,topp_0.2_res_2,1.0,topp,0.2
CopyLeaks,topp_0.3_res_0,1.0,topp,0.3
CopyLeaks,topp_0.2_res_4,1.0,topp,0.2
CopyLeaks,topp_0.3_res_3,1.0,topp,0.3
CopyLeaks,topp_0.3_res_1,1.0,topp,0.3
CopyLeaks,topp_0.5_res_3,1.0,topp,0.5
CopyLeaks,topp_0.4_res_0,1.0,topp,0.4
CopyLeaks,topp_0.5_res_0,1.0,topp,0.5
CopyLeaks,topp_0.4_res_1,1.0,topp,0.4
CopyLeaks,topp_0.5_res_1,1.0,topp,0.5
CopyLeaks,topp_0.4_res_3,1.0,topp,0.4
CopyLeaks,topp_0.5_res_4,1.0,topp,0.5
CopyLeaks,topp_0.4_res_4,1.0,topp,0.4
CopyLeaks,topp_0.6_res_0,1.0,topp,0.6
CopyLeaks,topp_0.4_res_2,1.0,topp,0.4
CopyLeaks,topp_0.5_res_2,1.0,topp,0.5
CopyLeaks,topp_0.6_res_1,1.0,topp,0.6
CopyLeaks,topp_0.6_res_2,1.0,topp,0.6
CopyLeaks,topp_0.7_res_0,1.0,topp,0.7
CopyLeaks,topp_0.6_res_4,1.0,topp,0.6
CopyLeaks,topp_0.6_res_3,1.0,topp,0.6
CopyLeaks,topp_0.7_res_1,1.0,topp,0.7
CopyLeaks,topp_0.7_res_2,1.0,topp,0.7
CopyLeaks,topp_0.8_res_1,1.0,topp,0.8
CopyLeaks,topp_0.8_res_0,1.0,topp,0.8
CopyLeaks,topp_0.7_res_4,1.0,topp,0.7
CopyLeaks,topp_0.8_res_4,1.0,topp,0.8
CopyLeaks,topp_0.9_res_0,1.0,topp,0.9
CopyLeaks,topp_0.7_res_3,1.0,topp,0.7
CopyLeaks,topp_0.8_res_2,1.0,topp,0.8
CopyLeaks,topp_0.8_res_3,1.0,topp,0.8
CopyLeaks,topp_0.9_res_1,1.0,topp,0.9
CopyLeaks,topp_0.9_res_4,1.0,topp,0.9
CopyLeaks,topp_0.9_res_2,1.0,topp,0.9
CopyLeaks,topp_1.0_res_3,1.0,topp,1.0
CopyLeaks,topp_1.0_res_0,1.0,topp,1.0
CopyLeaks,topp_0.9_res_3,1.0,topp,0.9
CopyLeaks,topp_1.0_res_2,1.0,topp,1.0
CopyLeaks,topp_1.0_res_4,1.0,topp,1.0
CopyLeaks,topp_1.0_res_1,1.0,topp,1.0
GPT2Detector,fp_-0.2_res_1,0.9998179078102112,fp,-0.2
GPT2Detector,fp_-0.0_res_3,0.9443411827087402,fp,-0.0
GPT2Detector,fp_-0.2_res_4,0.999797523021698,fp,-0.2
GPT2Detector,fp_-0.2_res_2,0.999816358089447,fp,-0.2
GPT2Detector,fp_-0.0_res_4,0.9998277425765992,fp,-0.0
GPT2Detector,fp_-0.2_res_0,0.9998175501823424,fp,-0.2
GPT2Detector,fp_-0.0_res_0,0.999822199344635,fp,-0.0
GPT2Detector,fp_-0.2_res_3,0.9994818568229676,fp,-0.2
GPT2Detector,fp_-0.0_res_1,0.9994838237762452,fp,-0.0
GPT2Detector,fp_-0.0_res_2,0.9998160004615784,fp,-0.0
GPT2Detector,fp_-0.4_res_0,0.9997983574867249,fp,-0.4
GPT2Detector,fp_-0.4_res_1,0.9998132586479188,fp,-0.4
GPT2Detector,fp_-0.8_res_0,0.9997835755348206,fp,-0.8
GPT2Detector,fp_-0.4_res_2,0.979729413986206,fp,-0.4
GPT2Detector,fp_-0.6_res_2,0.9997654557228088,fp,-0.6
GPT2Detector,fp_-0.4_res_3,0.9997664093971252,fp,-0.4
GPT2Detector,fp_-0.4_res_4,0.999821960926056,fp,-0.4
GPT2Detector,fp_-0.6_res_3,0.9840822219848632,fp,-0.6
GPT2Detector,fp_-0.6_res_0,0.9998005032539368,fp,-0.6
GPT2Detector,fp_-0.6_res_1,0.9998251795768738,fp,-0.6
GPT2Detector,fp_-0.6_res_4,0.9998140931129456,fp,-0.6
GPT2Detector,fp_-0.8_res_2,0.999771773815155,fp,-0.8
GPT2Detector,fp_-0.8_res_1,0.9998260140419006,fp,-0.8
GPT2Detector,fp_-0.8_res_3,0.9998257756233216,fp,-0.8
GPT2Detector,fp_-1.0_res_2,0.9997852444648744,fp,-1.0
GPT2Detector,fp_-1.0_res_3,0.9998266100883484,fp,-1.0
GPT2Detector,fp_-1.0_res_0,0.9997925162315368,fp,-1.0
GPT2Detector,fp_-1.0_res_1,0.9998149275779724,fp,-1.0
GPT2Detector,fp_-0.8_res_4,0.999809205532074,fp,-0.8
GPT2Detector,fp_0.2_res_1,0.9919131994247437,fp,0.2
GPT2Detector,fp_-1.0_res_4,0.9998138546943665,fp,-1.0
GPT2Detector,fp_0.2_res_2,0.955525815486908,fp,0.2
GPT2Detector,fp_0.2_res_0,0.999823033809662,fp,0.2
GPT2Detector,fp_0.4_res_4,0.9998170733451844,fp,0.4
GPT2Detector,fp_0.2_res_4,0.9998119473457336,fp,0.2
GPT2Detector,fp_0.2_res_3,0.9998214840888976,fp,0.2
GPT2Detector,fp_0.4_res_0,0.9962342381477356,fp,0.4
GPT2Detector,fp_0.4_res_2,0.0001735091209411,fp,0.4
GPT2Detector,fp_0.4_res_1,0.9969268441200256,fp,0.4
GPT2Detector,fp_0.4_res_3,0.9997655749320984,fp,0.4
GPT2Detector,fp_0.6_res_0,0.964057683944702,fp,0.6
GPT2Detector,fp_0.6_res_1,0.9996786117553712,fp,0.6
GPT2Detector,fp_0.6_res_3,0.2492092251777649,fp,0.6
GPT2Detector,fp_0.6_res_2,0.0255508422851562,fp,0.6
GPT2Detector,fp_0.6_res_4,0.999823033809662,fp,0.6
GPT2Detector,fp_0.8_res_0,0.98045015335083,fp,0.8
GPT2Detector,fp_0.8_res_1,0.9954708814620972,fp,0.8
GPT2Detector,fp_0.8_res_2,0.0008479356765747,fp,0.8
GPT2Detector,fp_1.0_res_1,0.0001861453056335,fp,1.0
GPT2Detector,fp_0.8_res_3,0.000271737575531,fp,0.8
GPT2Detector,fp_1.0_res_2,0.0004032254219055,fp,1.0
GPT2Detector,fp_0.8_res_4,0.8094548583030701,fp,0.8
GPT2Detector,fp_1.0_res_0,0.0001707077026367,fp,1.0
GPT2Detector,fp_1.0_res_3,0.0003752708435058,fp,1.0
GPT2Detector,fp_1.4_res_0,0.0001948475837707,fp,1.4
GPT2Detector,fp_1.2_res_3,0.0002184510231018,fp,1.2
GPT2Detector,fp_1.0_res_4,0.0002195239067077,fp,1.0
GPT2Detector,fp_1.2_res_0,0.0003670454025268,fp,1.2
GPT2Detector,fp_1.2_res_2,0.0003594160079956,fp,1.2
GPT2Detector,fp_1.2_res_1,0.0002970099449157,fp,1.2
GPT2Detector,fp_1.2_res_4,0.0001826882362365,fp,1.2
GPT2Detector,fp_1.4_res_1,0.0003830194473266,fp,1.4
GPT2Detector,fp_1.4_res_2,0.0004125237464904,fp,1.4
GPT2Detector,fp_1.4_res_4,0.0001996159553527,fp,1.4
GPT2Detector,fp_1.4_res_3,0.0005882978439331,fp,1.4
GPT2Detector,fp_1.6_res_0,0.000519573688507,fp,1.6
GPT2Detector,fp_1.6_res_1,0.0003173351287841,fp,1.6
GPT2Detector,fp_1.6_res_2,0.0005320906639099,fp,1.6
GPT2Detector,fp_1.6_res_3,0.000245988368988,fp,1.6
GPT2Detector,fp_1.6_res_4,0.0001958012580871,fp,1.6
GPT2Detector,fp_1.8_res_0,0.0002685189247131,fp,1.8
GPT2Detector,fp_1.8_res_1,0.0005490183830261,fp,1.8
GPT2Detector,fp_1.8_res_3,0.0002596974372863,fp,1.8
GPT2Detector,fp_1.8_res_2,0.0001755356788635,fp,1.8
GPT2Detector,fp_2.0_res_0,0.0002755522727966,fp,2.0
GPT2Detector,fp_2.0_res_1,0.0001844763755798,fp,2.0
GPT2Detector,fp_1.8_res_4,0.0012887716293334,fp,1.8
GPT2Detector,pp_-0.0_res_2,0.999777376651764,pp,-0.0
GPT2Detector,fp_2.0_res_2,0.0002456307411193,fp,2.0
GPT2Detector,fp_2.0_res_3,0.0002200007438659,fp,2.0
GPT2Detector,fp_2.0_res_4,0.0002477765083312,fp,2.0
GPT2Detector,pp_-0.0_res_0,0.999825656414032,pp,-0.0
GPT2Detector,pp_-0.0_res_1,0.9998193383216858,pp,-0.0
GPT2Detector,pp_-0.0_res_4,0.9998038411140442,pp,-0.0
GPT2Detector,pp_-0.2_res_2,0.999675989151001,pp,-0.2
GPT2Detector,pp_-0.0_res_3,0.9487041234970092,pp,-0.0
GPT2Detector,pp_-0.2_res_0,0.999827206134796,pp,-0.2
GPT2Detector,pp_-0.2_res_1,0.999825656414032,pp,-0.2
GPT2Detector,pp_-0.2_res_4,0.999823033809662,pp,-0.2
GPT2Detector,pp_-0.2_res_3,0.999811589717865,pp,-0.2
GPT2Detector,pp_-0.4_res_0,0.9997950196266174,pp,-0.4
GPT2Detector,pp_-0.4_res_1,0.9977484345436096,pp,-0.4
GPT2Detector,pp_-0.4_res_2,0.6277878284454346,pp,-0.4
GPT2Detector,pp_-0.4_res_4,0.999822437763214,pp,-0.4
GPT2Detector,pp_-0.4_res_3,0.9990826845169068,pp,-0.4
GPT2Detector,pp_-0.6_res_1,0.9998204112052916,pp,-0.6
GPT2Detector,pp_-0.6_res_0,0.9998273849487304,pp,-0.6
GPT2Detector,pp_-0.8_res_3,0.999825656414032,pp,-0.8
GPT2Detector,pp_-0.6_res_3,0.999816596508026,pp,-0.6
GPT2Detector,pp_-0.6_res_2,0.9997839331626892,pp,-0.6
GPT2Detector,pp_-0.6_res_4,0.9998278617858888,pp,-0.6
GPT2Detector,pp_-0.8_res_4,0.9998138546943665,pp,-0.8
GPT2Detector,pp_-0.8_res_0,0.9998050332069396,pp,-0.8
GPT2Detector,pp_-0.8_res_2,0.9997968077659608,pp,-0.8
GPT2Detector,pp_-0.8_res_1,0.9998202919960022,pp,-0.8
GPT2Detector,pp_-1.0_res_0,0.9998133778572084,pp,-1.0
GPT2Detector,pp_-1.0_res_2,0.9997819066047668,pp,-1.0
GPT2Detector,pp_-1.0_res_1,0.9996886253356934,pp,-1.0
GPT2Detector,pp_0.2_res_1,0.7857745289802551,pp,0.2
GPT2Detector,pp_-1.0_res_3,0.999800980091095,pp,-1.0
GPT2Detector,pp_0.2_res_0,0.9998014569282532,pp,0.2
GPT2Detector,pp_0.2_res_2,0.999823033809662,pp,0.2
GPT2Detector,pp_-1.0_res_4,0.9997984766960144,pp,-1.0
GPT2Detector,pp_0.2_res_3,0.9998262524604796,pp,0.2
GPT2Detector,pp_0.2_res_4,0.9998200535774232,pp,0.2
GPT2Detector,pp_0.4_res_1,0.9990910291671752,pp,0.4
GPT2Detector,pp_0.4_res_0,0.9998241066932678,pp,0.4
GPT2Detector,pp_0.4_res_2,0.0002842545509338,pp,0.4
GPT2Detector,pp_0.4_res_3,0.9998196959495544,pp,0.4
GPT2Detector,pp_0.4_res_4,0.9998229146003724,pp,0.4
GPT2Detector,pp_0.6_res_0,0.9998041987419128,pp,0.6
GPT2Detector,pp_0.8_res_0,0.9998151659965516,pp,0.8
GPT2Detector,pp_0.6_res_1,0.999796450138092,pp,0.6
GPT2Detector,pp_0.6_res_3,0.9996888637542723,pp,0.6
GPT2Detector,pp_0.6_res_2,0.9997935891151428,pp,0.6
GPT2Detector,pp_0.6_res_4,0.9998247027397156,pp,0.6
GPT2Detector,pp_0.8_res_1,0.8800176382064819,pp,0.8
GPT2Detector,pp_0.8_res_3,0.2037480473518371,pp,0.8
GPT2Detector,pp_1.0_res_1,0.0243799090385437,pp,1.0
GPT2Detector,pp_0.8_res_2,0.9997685551643372,pp,0.8
GPT2Detector,pp_0.8_res_4,0.9998252987861632,pp,0.8
GPT2Detector,pp_1.0_res_0,0.9998064637184144,pp,1.0
GPT2Detector,pp_1.0_res_2,0.0566159486770629,pp,1.0
GPT2Detector,pp_1.0_res_3,0.9998264908790588,pp,1.0
GPT2Detector,pp_1.0_res_4,0.9998083710670472,pp,1.0
GPT2Detector,pp_1.2_res_0,0.9998242259025574,pp,1.2
GPT2Detector,pp_1.2_res_3,0.9472368359565736,pp,1.2
GPT2Detector,pp_1.2_res_2,0.9974632263183594,pp,1.2
GPT2Detector,pp_1.2_res_1,0.999561369419098,pp,1.2
GPT2Detector,pp_1.2_res_4,0.9998255372047424,pp,1.2
GPT2Detector,pp_1.4_res_0,0.9967854022979736,pp,1.4
GPT2Detector,pp_1.6_res_1,0.9997512698173524,pp,1.6
GPT2Detector,pp_1.4_res_1,0.9997484087944032,pp,1.4
GPT2Detector,pp_1.4_res_2,0.2896407842636108,pp,1.4
GPT2Detector,pp_1.4_res_3,0.9834257364273072,pp,1.4
GPT2Detector,pp_1.6_res_2,0.0005968809127807,pp,1.6
GPT2Detector,pp_1.6_res_0,0.9997448325157166,pp,1.6
GPT2Detector,pp_1.4_res_4,0.9998088479042052,pp,1.4
GPT2Detector,pp_1.6_res_3,0.0016420483589172,pp,1.6
GPT2Detector,pp_1.8_res_1,0.9982460737228394,pp,1.8
GPT2Detector,pp_1.6_res_4,0.9998093247413636,pp,1.6
GPT2Detector,pp_1.8_res_0,0.9998078942298888,pp,1.8
GPT2Detector,pp_1.8_res_2,0.8584240078926086,pp,1.8
GPT2Detector,pp_1.8_res_3,0.9940781593322754,pp,1.8
GPT2Detector,pp_2.0_res_0,0.9998056292533876,pp,2.0
GPT2Detector,pp_1.8_res_4,0.999821126461029,pp,1.8
GPT2Detector,pp_2.0_res_1,0.0322217345237731,pp,2.0
GPT2Detector,pp_2.0_res_2,0.9856862425804138,pp,2.0
GPT2Detector,pp_2.0_res_3,0.995713710784912,pp,2.0
GPT2Detector,pp_2.0_res_4,0.99916672706604,pp,2.0
GPT2Detector,temp_0.0_res_1,0.9998170733451844,temp,0.0
GPT2Detector,temp_0.0_res_0,0.9998100399971008,temp,0.0
GPT2Detector,temp_0.0_res_4,0.9998106360435486,temp,0.0
GPT2Detector,temp_0.0_res_2,0.999728262424469,temp,0.0
GPT2Detector,temp_0.0_res_3,0.9998273849487304,temp,0.0
GPT2Detector,temp_0.1_res_0,0.9997983574867249,temp,0.1
GPT2Detector,temp_0.1_res_4,0.9997922778129578,temp,0.1
GPT2Detector,temp_0.1_res_1,0.9997791647911072,temp,0.1
GPT2Detector,temp_0.1_res_3,0.9997933506965636,temp,0.1
GPT2Detector,temp_0.1_res_2,0.9997610449790956,temp,0.1
GPT2Detector,temp_0.2_res_0,0.9998024106025696,temp,0.2
GPT2Detector,temp_0.3_res_1,0.9997875094413756,temp,0.3
GPT2Detector,temp_0.2_res_2,0.99982351064682,temp,0.2
GPT2Detector,temp_0.2_res_1,0.9998210072517396,temp,0.2
GPT2Detector,temp_0.2_res_3,0.8685315847396851,temp,0.2
GPT2Detector,temp_0.2_res_4,0.9998136162757874,temp,0.2
GPT2Detector,temp_0.3_res_0,0.999806582927704,temp,0.3
GPT2Detector,temp_0.3_res_3,0.9997966885566713,temp,0.3
GPT2Detector,temp_0.3_res_2,0.9998248219490052,temp,0.3
GPT2Detector,temp_0.3_res_4,0.999807059764862,temp,0.3
GPT2Detector,temp_0.4_res_1,0.999824583530426,temp,0.4
GPT2Detector,temp_0.4_res_2,0.9998148083686828,temp,0.4
GPT2Detector,temp_0.4_res_0,0.9998231530189514,temp,0.4
GPT2Detector,temp_0.4_res_3,0.9998077750205994,temp,0.4
GPT2Detector,temp_0.4_res_4,0.9997838139533995,temp,0.4
GPT2Detector,temp_0.5_res_0,0.999826967716217,temp,0.5
GPT2Detector,temp_0.5_res_1,0.999812662601471,temp,0.5
GPT2Detector,temp_0.6_res_0,0.9998266100883484,temp,0.6
GPT2Detector,temp_0.5_res_2,0.9998143315315248,temp,0.5
GPT2Detector,temp_0.5_res_3,0.9997929930686952,temp,0.5
GPT2Detector,temp_0.6_res_1,0.9997863173484802,temp,0.6
GPT2Detector,temp_0.5_res_4,0.9998088479042052,temp,0.5
GPT2Detector,temp_0.6_res_2,0.9997817873954772,temp,0.6
GPT2Detector,temp_0.7_res_2,0.9784194231033324,temp,0.7
GPT2Detector,temp_0.6_res_3,0.9998252987861632,temp,0.6
GPT2Detector,temp_0.6_res_4,0.9997939467430116,temp,0.6
GPT2Detector,temp_0.7_res_1,0.9997277855873108,temp,0.7
GPT2Detector,temp_0.7_res_0,0.9998003840446472,temp,0.7
GPT2Detector,temp_0.7_res_3,0.9991689920425416,temp,0.7
GPT2Detector,temp_0.8_res_0,0.9997926354408264,temp,0.8
GPT2Detector,temp_0.7_res_4,0.9998131394386292,temp,0.7
GPT2Detector,temp_0.8_res_3,0.9998233914375304,temp,0.8
GPT2Detector,temp_0.8_res_1,0.9998238682746888,temp,0.8
GPT2Detector,temp_0.8_res_2,0.9997941851615906,temp,0.8
GPT2Detector,temp_0.8_res_4,0.9998195767402648,temp,0.8
GPT2Detector,temp_0.9_res_0,0.9997988343238832,temp,0.9
GPT2Detector,temp_0.9_res_1,0.9997870326042176,temp,0.9
GPT2Detector,temp_0.9_res_3,0.9998233914375304,temp,0.9
GPT2Detector,temp_1.0_res_1,0.9998255372047424,temp,1.0
GPT2Detector,temp_0.9_res_2,0.9997840523719788,temp,0.9
GPT2Detector,temp_0.9_res_4,0.9998008608818054,temp,0.9
GPT2Detector,temp_1.0_res_0,0.9998199343681335,temp,1.0
GPT2Detector,temp_1.0_res_3,0.9857470989227296,temp,1.0
GPT2Detector,temp_1.0_res_2,0.9998204112052916,temp,1.0
GPT2Detector,temp_1.1_res_3,0.3079827427864074,temp,1.1
GPT2Detector,temp_1.0_res_4,0.9998120665550232,temp,1.0
GPT2Detector,temp_1.1_res_0,0.9998047947883606,temp,1.1
GPT2Detector,temp_1.2_res_0,0.9998162388801576,temp,1.2
GPT2Detector,temp_1.1_res_2,0.9997969269752502,temp,1.1
GPT2Detector,temp_1.1_res_1,0.9093099236488342,temp,1.1
GPT2Detector,temp_1.1_res_4,0.9998016953468324,temp,1.1
GPT2Detector,temp_1.2_res_1,0.9998082518577576,temp,1.2
GPT2Detector,temp_1.2_res_4,0.508290708065033,temp,1.2
GPT2Detector,temp_1.2_res_2,0.9998241066932678,temp,1.2
GPT2Detector,temp_1.2_res_3,0.0239569544792175,temp,1.2
GPT2Detector,temp_1.3_res_2,0.7800015807151794,temp,1.3
GPT2Detector,temp_1.3_res_1,0.9998238682746888,temp,1.3
GPT2Detector,temp_1.3_res_3,0.9997124075889589,temp,1.3
GPT2Detector,temp_1.3_res_0,0.9997074007987976,temp,1.3
GPT2Detector,temp_1.3_res_4,0.9998261332511902,temp,1.3
GPT2Detector,temp_1.4_res_0,0.9989327788352966,temp,1.4
GPT2Detector,temp_1.4_res_2,0.000202476978302,temp,1.4
GPT2Detector,temp_1.4_res_1,0.2275731563568115,temp,1.4
GPT2Detector,temp_1.4_res_3,0.9997963309288024,temp,1.4
GPT2Detector,temp_1.5_res_0,0.993301272392273,temp,1.5
GPT2Detector,temp_1.4_res_4,0.0156577229499816,temp,1.4
GPT2Detector,topp_0.0_res_1,0.9997960925102234,topp,0.0
GPT2Detector,temp_1.5_res_2,0.0170696377754211,temp,1.5
GPT2Detector,temp_1.5_res_1,0.0039368271827697,temp,1.5
GPT2Detector,temp_1.5_res_4,0.2980492115020752,temp,1.5
GPT2Detector,temp_1.5_res_3,0.9075704216957092,temp,1.5
GPT2Detector,topp_0.0_res_0,0.9998051524162292,topp,0.0
GPT2Detector,topp_0.0_res_2,0.9781372547149658,topp,0.0
GPT2Detector,topp_0.0_res_3,0.9998218417167664,topp,0.0
GPT2Detector,topp_0.0_res_4,0.999804437160492,topp,0.0
GPT2Detector,topp_0.1_res_1,0.9990492463111876,topp,0.1
GPT2Detector,topp_0.1_res_0,0.9998056292533876,topp,0.1
GPT2Detector,topp_0.1_res_2,0.7967098951339722,topp,0.1
GPT2Detector,topp_0.1_res_3,0.999815046787262,topp,0.1
GPT2Detector,topp_0.1_res_4,0.999817669391632,topp,0.1
GPT2Detector,topp_0.2_res_0,0.9998120665550232,topp,0.2
GPT2Detector,topp_0.2_res_1,0.9996614456176758,topp,0.2
GPT2Detector,topp_0.3_res_0,0.9998193383216858,topp,0.3
GPT2Detector,topp_0.2_res_4,0.9997997879981996,topp,0.2
GPT2Detector,topp_0.2_res_3,0.9998225569725036,topp,0.2
GPT2Detector,topp_0.2_res_2,0.9998212456703186,topp,0.2
GPT2Detector,topp_0.3_res_2,0.9973281621932985,topp,0.3
GPT2Detector,topp_0.4_res_2,0.003718078136444,topp,0.4
GPT2Detector,topp_0.3_res_1,0.9997901320457458,topp,0.3
GPT2Detector,topp_0.3_res_3,0.9971300959587096,topp,0.3
GPT2Detector,topp_0.3_res_4,0.9997941851615906,topp,0.3
GPT2Detector,topp_0.4_res_1,0.9998226761817932,topp,0.4
GPT2Detector,topp_0.4_res_0,0.9997920393943788,topp,0.4
GPT2Detector,topp_0.4_res_3,0.9998177886009216,topp,0.4
GPT2Detector,topp_0.5_res_0,0.9998131394386292,topp,0.5
GPT2Detector,topp_0.4_res_4,0.9997856020927428,topp,0.4
GPT2Detector,topp_0.5_res_2,0.9992651343345642,topp,0.5
GPT2Detector,topp_0.5_res_1,0.999824583530426,topp,0.5
GPT2Detector,topp_0.5_res_4,0.9998045563697816,topp,0.5
GPT2Detector,topp_0.6_res_0,0.9998000264167786,topp,0.6
GPT2Detector,topp_0.5_res_3,0.9992179870605468,topp,0.5
GPT2Detector,topp_0.6_res_3,0.9973453879356384,topp,0.6
GPT2Detector,topp_0.6_res_1,0.3655447363853454,topp,0.6
GPT2Detector,topp_0.6_res_2,0.9998237490653992,topp,0.6
GPT2Detector,topp_0.7_res_1,0.9997889399528505,topp,0.7
GPT2Detector,topp_0.7_res_0,0.9997848868370056,topp,0.7
GPT2Detector,topp_0.6_res_4,0.9998015761375428,topp,0.6
GPT2Detector,topp_0.7_res_2,0.9998169541358948,topp,0.7
GPT2Detector,topp_0.8_res_4,0.9998100399971008,topp,0.8
GPT2Detector,topp_0.8_res_1,0.999794065952301,topp,0.8
GPT2Detector,topp_0.7_res_3,0.9997954964637756,topp,0.7
GPT2Detector,topp_0.7_res_4,0.9997912049293518,topp,0.7
GPT2Detector,topp_0.8_res_0,0.9998013377189636,topp,0.8
GPT2Detector,topp_0.8_res_2,0.9998236298561096,topp,0.8
GPT2Detector,topp_0.8_res_3,0.9993364214897156,topp,0.8
GPT2Detector,topp_0.9_res_0,0.9998243451118468,topp,0.9
GPT2Detector,topp_0.9_res_1,0.9998194575309752,topp,0.9
GPT2Detector,topp_0.9_res_2,0.9997749924659728,topp,0.9
GPT2Detector,topp_0.9_res_3,0.9998258948326112,topp,0.9
GPT2Detector,topp_0.9_res_4,0.999826967716217,topp,0.9
GPT2Detector,topp_1.0_res_1,0.4871686100959778,topp,1.0
GPT2Detector,topp_1.0_res_0,0.9998268485069276,topp,1.0
GPT2Detector,topp_1.0_res_2,0.9998205304145812,topp,1.0
GPT2Detector,topp_1.0_res_3,0.9998125433921814,topp,1.0
GPT2Detector,topp_1.0_res_4,0.9998093247413636,topp,1.0
Radar,fp_-0.0_res_0,0.9443002343177797,fp,-0.0
Radar,fp_-0.2_res_0,0.9768816232681274,fp,-0.2
Radar,fp_-0.2_res_1,0.9719099402427672,fp,-0.2
Radar,fp_-0.0_res_1,0.9536378979682922,fp,-0.0
Radar,fp_-0.0_res_4,0.9696849584579468,fp,-0.0
Radar,fp_-0.0_res_3,0.9736441373825072,fp,-0.0
Radar,fp_-0.0_res_2,0.9696728587150574,fp,-0.0
Radar,fp_-0.2_res_4,0.983388364315033,fp,-0.2
Radar,fp_-0.2_res_3,0.9914973378181458,fp,-0.2
Radar,fp_-0.2_res_2,0.9875301122665404,fp,-0.2
Radar,fp_-0.4_res_1,0.9942061901092528,fp,-0.4
Radar,fp_-0.4_res_0,0.9502222537994384,fp,-0.4
Radar,fp_-0.4_res_2,0.9875736832618712,fp,-0.4
Radar,fp_-0.4_res_3,0.9957056641578674,fp,-0.4
Radar,fp_-0.6_res_1,0.9925259947776794,fp,-0.6
Radar,fp_-0.4_res_4,0.9459851980209352,fp,-0.4
Radar,fp_-0.6_res_0,0.9942022562026978,fp,-0.6
Radar,fp_-0.6_res_2,0.9976077079772948,fp,-0.6
Radar,fp_-0.6_res_3,0.9950442314147948,fp,-0.6
Radar,fp_-0.6_res_4,0.9950913190841676,fp,-0.6
Radar,fp_-0.8_res_0,0.9972963929176332,fp,-0.8
Radar,fp_-0.8_res_3,0.9951835870742798,fp,-0.8
Radar,fp_-0.8_res_1,0.9869756698608398,fp,-0.8
Radar,fp_-0.8_res_2,0.9975937008857728,fp,-0.8
Radar,fp_-0.8_res_4,0.9929656386375428,fp,-0.8
Radar,fp_-1.0_res_0,0.9655542969703674,fp,-1.0
Radar,fp_-1.0_res_2,0.9960245490074158,fp,-1.0
Radar,fp_-1.0_res_1,0.9838756322860718,fp,-1.0
Radar,fp_-1.0_res_4,0.9698546528816224,fp,-1.0
Radar,fp_-1.0_res_3,0.9969363808631896,fp,-1.0
Radar,fp_0.2_res_1,0.974695086479187,fp,0.2
Radar,fp_0.2_res_3,0.9913260340690612,fp,0.2
Radar,fp_0.2_res_0,0.9013742804527284,fp,0.2
Radar,fp_0.4_res_0,0.8184695839881897,fp,0.4
Radar,fp_0.2_res_2,0.9675784707069396,fp,0.2
Radar,fp_0.4_res_3,0.9866520166397096,fp,0.4
Radar,fp_0.2_res_4,0.9159647822380066,fp,0.2
Radar,fp_0.4_res_2,0.9753649830818176,fp,0.4
Radar,fp_0.4_res_1,0.9536179304122924,fp,0.4
Radar,fp_0.4_res_4,0.9123554229736328,fp,0.4
Radar,fp_0.6_res_0,0.9581456184387208,fp,0.6
Radar,fp_0.6_res_1,0.9606828689575196,fp,0.6
Radar,fp_0.6_res_4,0.8992069363594055,fp,0.6
Radar,fp_0.6_res_2,0.9708483219146729,fp,0.6
Radar,fp_0.8_res_1,0.9791389107704164,fp,0.8
Radar,fp_0.6_res_3,0.985292375087738,fp,0.6
Radar,fp_0.8_res_0,0.8814550042152405,fp,0.8
Radar,fp_0.8_res_2,0.9614143371582032,fp,0.8
Radar,fp_0.8_res_3,0.977144420146942,fp,0.8
Radar,fp_0.8_res_4,0.7838932275772095,fp,0.8
Radar,fp_1.0_res_0,0.9208119511604308,fp,1.0
Radar,fp_1.0_res_1,0.8372240662574768,fp,1.0
Radar,fp_1.0_res_2,0.9514654874801636,fp,1.0
Radar,fp_1.2_res_0,0.6824005246162415,fp,1.2
Radar,fp_1.0_res_4,0.6503105163574219,fp,1.0
Radar,fp_1.0_res_3,0.764193058013916,fp,1.0
Radar,fp_1.2_res_1,0.694902241230011,fp,1.2
Radar,fp_1.2_res_3,0.883685290813446,fp,1.2
Radar,fp_1.2_res_2,0.8977142572402954,fp,1.2
Radar,fp_1.2_res_4,0.9623368382453918,fp,1.2
Radar,fp_1.4_res_1,0.962757408618927,fp,1.4
Radar,fp_1.4_res_3,0.9761292338371276,fp,1.4
Radar,fp_1.4_res_2,0.8535201549530029,fp,1.4
Radar,fp_1.4_res_0,0.8753330111503601,fp,1.4
Radar,fp_1.4_res_4,0.8550989627838135,fp,1.4
Radar,fp_1.6_res_0,0.3563872575759887,fp,1.6
Radar,fp_1.6_res_2,0.5363712310791016,fp,1.6
Radar,fp_1.6_res_1,0.5523760318756104,fp,1.6
Radar,fp_1.6_res_3,0.8927926421165466,fp,1.6
Radar,fp_1.6_res_4,0.4858556985855102,fp,1.6
Radar,fp_1.8_res_0,0.7999746799468994,fp,1.8
Radar,fp_1.8_res_1,0.2980338037014007,fp,1.8
Radar,fp_1.8_res_3,0.2017839401960373,fp,1.8
Radar,fp_1.8_res_2,0.5629323720932007,fp,1.8
Radar,fp_1.8_res_4,0.9689957499504088,fp,1.8
Radar,fp_2.0_res_0,0.9756219387054444,fp,2.0
Radar,fp_2.0_res_1,0.1438552290201187,fp,2.0
Radar,fp_2.0_res_2,0.3384832441806793,fp,2.0
Radar,fp_2.0_res_3,0.2437698543071746,fp,2.0
Radar,fp_2.0_res_4,0.9150545001029968,fp,2.0
Radar,pp_-0.0_res_1,0.9776256680488586,pp,-0.0
Radar,pp_-0.0_res_0,0.8090983033180237,pp,-0.0
Radar,pp_-0.0_res_2,0.9812963604927064,pp,-0.0
Radar,pp_-0.0_res_3,0.986339271068573,pp,-0.0
Radar,pp_-0.2_res_0,0.9788848161697388,pp,-0.2
Radar,pp_-0.0_res_4,0.9537665247917176,pp,-0.0
Radar,pp_-0.2_res_1,0.9844130873680116,pp,-0.2
Radar,pp_-0.2_res_2,0.9861404299736024,pp,-0.2
Radar,pp_-0.2_res_3,0.9832536578178406,pp,-0.2
Radar,pp_-0.2_res_4,0.9772891402244568,pp,-0.2
Radar,pp_-0.4_res_0,0.8902274370193481,pp,-0.4
Radar,pp_-0.4_res_1,0.9829807877540588,pp,-0.4
Radar,pp_-0.4_res_3,0.9644078016281128,pp,-0.4
Radar,pp_-0.4_res_2,0.9868197441101074,pp,-0.4
Radar,pp_-0.4_res_4,0.9431114196777344,pp,-0.4
Radar,pp_-0.6_res_0,0.977667510509491,pp,-0.6
Radar,pp_-0.6_res_1,0.9848766326904296,pp,-0.6
Radar,pp_-0.6_res_2,0.9858099818229676,pp,-0.6
Radar,pp_-0.6_res_3,0.990326166152954,pp,-0.6
Radar,pp_-0.6_res_4,0.9348311424255372,pp,-0.6
Radar,pp_-0.8_res_0,0.9256711602211,pp,-0.8
Radar,pp_-0.8_res_1,0.9873262643814088,pp,-0.8
Radar,pp_-0.8_res_2,0.9845139384269714,pp,-0.8
Radar,pp_-0.8_res_3,0.9885191321372986,pp,-0.8
Radar,pp_-0.8_res_4,0.9670048356056212,pp,-0.8
Radar,pp_-1.0_res_0,0.9553356170654296,pp,-1.0
Radar,pp_-1.0_res_2,0.994813859462738,pp,-1.0
Radar,pp_-1.0_res_1,0.9733758568763732,pp,-1.0
Radar,pp_-1.0_res_3,0.9810649156570436,pp,-1.0
Radar,pp_-1.0_res_4,0.905731201171875,pp,-1.0
Radar,pp_0.2_res_0,0.9493705630302428,pp,0.2
Radar,pp_0.2_res_1,0.919048309326172,pp,0.2
Radar,pp_0.2_res_2,0.9878443479537964,pp,0.2
Radar,pp_0.2_res_3,0.986510932445526,pp,0.2
Radar,pp_0.2_res_4,0.8968001008033752,pp,0.2
Radar,pp_0.4_res_0,0.93287456035614,pp,0.4
Radar,pp_0.4_res_1,0.9798732995986938,pp,0.4
Radar,pp_0.4_res_2,0.9721369743347168,pp,0.4
Radar,pp_0.4_res_3,0.9896572828292848,pp,0.4
Radar,pp_0.4_res_4,0.9531463384628296,pp,0.4
Radar,pp_0.6_res_0,0.916018545627594,pp,0.6
Radar,pp_0.6_res_1,0.9496959447860718,pp,0.6
Radar,pp_0.6_res_2,0.9823266863822936,pp,0.6
Radar,pp_0.6_res_3,0.9891563653945924,pp,0.6
Radar,pp_0.8_res_0,0.9556981921195984,pp,0.8
Radar,pp_0.6_res_4,0.8776705265045166,pp,0.6
Radar,pp_0.8_res_1,0.9029453992843628,pp,0.8
Radar,pp_0.8_res_2,0.9821986556053162,pp,0.8
Radar,pp_0.8_res_3,0.9870800375938416,pp,0.8
Radar,pp_0.8_res_4,0.980044722557068,pp,0.8
Radar,pp_1.0_res_0,0.9587016701698304,pp,1.0
Radar,pp_1.0_res_1,0.9445213079452516,pp,1.0
Radar,pp_1.0_res_3,0.9443727731704712,pp,1.0
Radar,pp_1.0_res_2,0.9712583422660828,pp,1.0
Radar,pp_1.0_res_4,0.9710550904273988,pp,1.0
Radar,pp_1.2_res_1,0.935526728630066,pp,1.2
Radar,pp_1.2_res_0,0.95525461435318,pp,1.2
Radar,pp_1.2_res_2,0.9903632402420044,pp,1.2
Radar,pp_1.2_res_3,0.957667350769043,pp,1.2
Radar,pp_1.2_res_4,0.9140636324882508,pp,1.2
Radar,pp_1.4_res_0,0.9441862106323242,pp,1.4
Radar,pp_1.4_res_2,0.9780030846595764,pp,1.4
Radar,pp_1.4_res_1,0.819710910320282,pp,1.4
Radar,pp_1.4_res_3,0.9761784076690674,pp,1.4
Radar,pp_1.6_res_0,0.863982081413269,pp,1.6
Radar,pp_1.4_res_4,0.9669792652130128,pp,1.4
Radar,pp_1.6_res_1,0.9572871923446656,pp,1.6
Radar,pp_1.6_res_2,0.9597824811935424,pp,1.6
Radar,pp_1.6_res_3,0.9888786673545836,pp,1.6
Radar,pp_1.6_res_4,0.9297817945480348,pp,1.6
Radar,pp_1.8_res_1,0.981950044631958,pp,1.8
Radar,pp_1.8_res_0,0.9818912744522096,pp,1.8
Radar,pp_1.8_res_2,0.970292031764984,pp,1.8
Radar,pp_2.0_res_0,0.9645369052886964,pp,2.0
Radar,pp_1.8_res_3,0.9834332466125488,pp,1.8
Radar,pp_1.8_res_4,0.8341619372367859,pp,1.8
Radar,pp_2.0_res_1,0.9817189574241638,pp,2.0
Radar,pp_2.0_res_2,0.9883735775947572,pp,2.0
Radar,pp_2.0_res_3,0.9254360795021056,pp,2.0
Radar,pp_2.0_res_4,0.94553542137146,pp,2.0
Radar,temp_0.0_res_1,0.9632498025894164,temp,0.0
Radar,temp_0.0_res_0,0.9330812096595764,temp,0.0
Radar,temp_0.0_res_2,0.9899051785469056,temp,0.0
Radar,temp_0.0_res_3,0.989122986793518,temp,0.0
Radar,temp_0.1_res_0,0.9205735325813292,temp,0.1
Radar,temp_0.0_res_4,0.9819119572639464,temp,0.0
Radar,temp_0.1_res_1,0.9683180451393129,temp,0.1
Radar,temp_0.1_res_2,0.9874918460845948,temp,0.1
Radar,temp_0.1_res_3,0.9857838153839112,temp,0.1
Radar,temp_0.1_res_4,0.9728434085845948,temp,0.1
Radar,temp_0.2_res_0,0.9399389624595642,temp,0.2
Radar,temp_0.2_res_1,0.9836081862449646,temp,0.2
Radar,temp_0.2_res_2,0.983677327632904,temp,0.2
Radar,temp_0.2_res_3,0.9830333590507508,temp,0.2
Radar,temp_0.2_res_4,0.9664194583892822,temp,0.2
Radar,temp_0.3_res_0,0.9469954371452332,temp,0.3
Radar,temp_0.3_res_1,0.9799774289131165,temp,0.3
Radar,temp_0.3_res_2,0.9855430126190186,temp,0.3
Radar,temp_0.3_res_3,0.989746868610382,temp,0.3
Radar,temp_0.3_res_4,0.9232589602470398,temp,0.3
Radar,temp_0.4_res_0,0.9656116366386414,temp,0.4
Radar,temp_0.4_res_1,0.9752548933029176,temp,0.4
Radar,temp_0.4_res_2,0.9874283075332642,temp,0.4
Radar,temp_0.4_res_3,0.9855960607528688,temp,0.4
Radar,temp_0.4_res_4,0.959318220615387,temp,0.4
Radar,temp_0.5_res_0,0.9493302702903748,temp,0.5
Radar,temp_0.5_res_1,0.980115532875061,temp,0.5
Radar,temp_0.5_res_2,0.9815302491188048,temp,0.5
Radar,temp_0.5_res_3,0.9893539547920228,temp,0.5
Radar,temp_0.5_res_4,0.9408161640167236,temp,0.5
Radar,temp_0.6_res_0,0.9206703901290894,temp,0.6
Radar,temp_0.6_res_1,0.9826050996780396,temp,0.6
Radar,temp_0.6_res_2,0.9941095113754272,temp,0.6
Radar,temp_0.6_res_3,0.9736538529396056,temp,0.6
Radar,temp_0.6_res_4,0.9833660125732422,temp,0.6
Radar,temp_0.7_res_0,0.9282310605049132,temp,0.7
Radar,temp_0.7_res_1,0.9810512065887452,temp,0.7
Radar,temp_0.7_res_2,0.976463794708252,temp,0.7
Radar,temp_0.7_res_3,0.9837907552719116,temp,0.7
Radar,temp_0.7_res_4,0.9898511171340942,temp,0.7
Radar,temp_0.8_res_0,0.9180766940116882,temp,0.8
Radar,temp_0.8_res_1,0.9825816750526428,temp,0.8
Radar,temp_0.8_res_3,0.974407970905304,temp,0.8
Radar,temp_0.8_res_2,0.9886504411697388,temp,0.8
Radar,temp_0.8_res_4,0.9493345618247986,temp,0.8
Radar,temp_0.9_res_0,0.933283805847168,temp,0.9
Radar,temp_0.9_res_1,0.979179620742798,temp,0.9
Radar,temp_0.9_res_2,0.9874891042709352,temp,0.9
Radar,temp_0.9_res_3,0.9641441702842712,temp,0.9
Radar,temp_0.9_res_4,0.8534507155418396,temp,0.9
Radar,temp_1.0_res_0,0.9825828075408936,temp,1.0
Radar,temp_1.0_res_1,0.9819126129150392,temp,1.0
Radar,temp_1.0_res_2,0.9723079800605774,temp,1.0
Radar,temp_1.0_res_3,0.9744848012924194,temp,1.0
Radar,temp_1.0_res_4,0.9475545883178712,temp,1.0
Radar,temp_1.1_res_0,0.9693540930747986,temp,1.1
Radar,temp_1.1_res_1,0.9417341947555542,temp,1.1
Radar,temp_1.1_res_2,0.9846675992012024,temp,1.1
Radar,temp_1.1_res_3,0.9788643717765808,temp,1.1
Radar,temp_1.2_res_0,0.8808727264404297,temp,1.2
Radar,temp_1.1_res_4,0.9586364030838012,temp,1.1
Radar,temp_1.2_res_1,0.9694504737854004,temp,1.2
Radar,temp_1.2_res_3,0.9516225457191468,temp,1.2
Radar,temp_1.2_res_4,0.8905461430549622,temp,1.2
Radar,temp_1.2_res_2,0.9790270328521729,temp,1.2
Radar,temp_1.3_res_0,0.9219879508018494,temp,1.3
Radar,temp_1.3_res_1,0.9282039999961852,temp,1.3
Radar,temp_1.3_res_3,0.9890734553337096,temp,1.3
Radar,temp_1.3_res_2,0.9253532886505128,temp,1.3
Radar,temp_1.3_res_4,0.8366735577583313,temp,1.3
Radar,temp_1.4_res_1,0.980465531349182,temp,1.4
Radar,temp_1.4_res_0,0.9436764717102052,temp,1.4
Radar,temp_1.4_res_2,0.9748881459236144,temp,1.4
Radar,temp_1.4_res_3,0.9515057802200316,temp,1.4
Radar,temp_1.5_res_0,0.7822132110595703,temp,1.5
Radar,temp_1.4_res_4,0.6739740371704102,temp,1.4
Radar,temp_1.5_res_1,0.9753777384757996,temp,1.5
Radar,temp_1.5_res_2,0.9662637710571288,temp,1.5
Radar,temp_1.5_res_4,0.7760523557662964,temp,1.5
Radar,topp_0.0_res_0,0.8507276177406311,topp,0.0
Radar,temp_1.5_res_3,0.9832807183265686,temp,1.5
Radar,topp_0.0_res_2,0.9881442785263062,topp,0.0
Radar,topp_0.0_res_3,0.99269700050354,topp,0.0
Radar,topp_0.0_res_1,0.9847257733345032,topp,0.0
Radar,topp_0.0_res_4,0.9685381650924684,topp,0.0
Radar,topp_0.1_res_0,0.9478641152381896,topp,0.1
Radar,topp_0.1_res_1,0.9775242805480956,topp,0.1
Radar,topp_0.1_res_3,0.9896851778030396,topp,0.1
Radar,topp_0.1_res_2,0.9855690598487854,topp,0.1
Radar,topp_0.1_res_4,0.9622108936309814,topp,0.1
Radar,topp_0.2_res_0,0.92631596326828,topp,0.2
Radar,topp_0.2_res_4,0.9760539531707764,topp,0.2
Radar,topp_0.2_res_1,0.96702241897583,topp,0.2
Radar,topp_0.2_res_2,0.9894888997077942,topp,0.2
Radar,topp_0.2_res_3,0.9885026216506958,topp,0.2
Radar,topp_0.3_res_0,0.9796115756034852,topp,0.3
Radar,topp_0.3_res_1,0.9605730772018432,topp,0.3
Radar,topp_0.3_res_3,0.990797758102417,topp,0.3
Radar,topp_0.3_res_2,0.9878693222999572,topp,0.3
Radar,topp_0.3_res_4,0.9648026823997498,topp,0.3
Radar,topp_0.4_res_1,0.9681715369224548,topp,0.4
Radar,topp_0.4_res_0,0.9784896969795228,topp,0.4
Radar,topp_0.4_res_3,0.9844629168510436,topp,0.4
Radar,topp_0.4_res_2,0.9863197803497314,topp,0.4
Radar,topp_0.4_res_4,0.9680567979812622,topp,0.4
Radar,topp_0.5_res_0,0.8861966133117676,topp,0.5
Radar,topp_0.5_res_1,0.9666724801063538,topp,0.5
Radar,topp_0.5_res_2,0.98707377910614,topp,0.5
Radar,topp_0.5_res_3,0.980533480644226,topp,0.5
Radar,topp_0.6_res_2,0.993763267993927,topp,0.6
Radar,topp_0.5_res_4,0.9780868887901306,topp,0.5
Radar,topp_0.6_res_0,0.9276515245437622,topp,0.6
Radar,topp_0.6_res_1,0.96881502866745,topp,0.6
Radar,topp_0.6_res_3,0.9838413000106812,topp,0.6
Radar,topp_0.6_res_4,0.9712446331977844,topp,0.6
Radar,topp_0.7_res_0,0.9653369188308716,topp,0.7
Radar,topp_0.7_res_1,0.9791221022605896,topp,0.7
Radar,topp_0.8_res_0,0.9559130072593688,topp,0.8
Radar,topp_0.7_res_3,0.9792245030403136,topp,0.7
Radar,topp_0.7_res_4,0.9705970287322998,topp,0.7
Radar,topp_0.7_res_2,0.9833818674087524,topp,0.7
Radar,topp_0.8_res_1,0.9775815606117249,topp,0.8
Radar,topp_0.8_res_2,0.9863623976707458,topp,0.8
Radar,topp_0.8_res_3,0.9869841933250428,topp,0.8
Radar,topp_0.8_res_4,0.9546075463294984,topp,0.8
Radar,topp_0.9_res_0,0.9479984641075134,topp,0.9
Radar,topp_0.9_res_1,0.9853590130805968,topp,0.9
Radar,topp_0.9_res_2,0.9724140763282776,topp,0.9
Radar,topp_0.9_res_4,0.9387097358703612,topp,0.9
Radar,topp_0.9_res_3,0.9742610454559326,topp,0.9
Radar,topp_1.0_res_0,0.9124696254730223,topp,1.0
Radar,topp_1.0_res_1,0.9598031044006348,topp,1.0
Radar,topp_1.0_res_2,0.9786312580108644,topp,1.0
Radar,topp_1.0_res_3,0.9876695275306702,topp,1.0
Radar,topp_1.0_res_4,0.7778249382972717,topp,1.0
